"ID","logFC","AveExpr","t","P.Value","adj.P.Val","B","nb_enhancer_hyper","nb_enhancer_hypo","nb_enhancer_unchanged","total_enhancers","nb_enhancer_changed"
"ABLIM1",3.72777278264104,6429.71275147666,2.72075498508556,0.00899641678042864,0.326264962860334,-4.57647153400744,2,0,12,14,2
"ACADSB",2.92343785830587,1690.13844765806,2.46069463435608,0.0174471328234667,0.387610545316588,-4.58003836575472,2,0,7,9,2
"ACSF2",2.85053782233772,1393.75404801028,2.58799768835313,0.0126764199987381,0.364439835400926,-4.57831557974429,1,0,7,8,1
"ACTA2",2.98111505838839,2377.43006760184,2.0945623703296,0.0414160932369863,0.470949287797802,-4.58470226730713,1,0,11,12,1
"ADAMTS6",2.50295552424903,407.358848084816,2.5676762520743,0.0133479204354083,0.367363507444565,-4.5785937009304,0,2,39,41,2
"AHCYL2",2.88178685321018,1915.41955244317,2.68008701950778,0.0100032904006714,0.333064427950498,-4.57704126709012,1,1,8,10,2
"AKR1CL1",1.322477642446,20.0035535144015,2.07703405180359,0.0430754989745747,0.476946419655463,-4.58491341397246,0,1,1,2,1
"ANGPT1",4.00300265597709,6341.36026847373,2.17495211110978,0.034500885184855,0.464572726804363,-4.58371883302114,1,2,20,23,3
"ANKIB1",3.25956033464806,7019.55183739185,2.65138883598932,0.0107749852795326,0.340181622245584,-4.57744078464476,1,0,8,9,1
"ANKRD49",2.65994518633699,1222.66506129111,2.06379840431936,0.0443666187605831,0.480788804450888,-4.58507205501293,2,0,17,19,2
"ANKRD52",3.12542770110793,5642.65739998408,2.14268423218384,0.0371441683517343,0.464572726804363,-4.58411650827809,1,0,7,8,1
"ANKZF1",3.00994217362405,3688.8475141938,2.11991168322541,0.0391150665192884,0.464857323836329,-4.5843948069805,3,0,7,10,3
"AP1B1",3.8197159988771,12946.8291123512,2.29950174301641,0.0257884885838862,0.433917827187114,-4.58214850458942,1,0,0,1,1
"AP4E1",2.73906925594407,2647.3686669519,2.25235531479093,0.0288248097202743,0.446457762731871,-4.58274938312366,0,2,12,14,2
"AP4S1",2.3650596016839,445.806014280944,2.90398438999482,0.00551684375113781,0.282283034694918,-4.57385633768327,3,0,11,14,3
"ARID5B",3.89467676998999,5341.986670602,2.52822639837014,0.0147447869814509,0.374343483042678,-4.57913029984358,2,1,17,20,3
"ARL6IP5",3.57317078496919,11873.8154557491,2.04991947024772,0.045756518799596,0.48275567371397,-4.58523766442767,5,1,22,28,6
"ASB8",2.52403866246098,1660.66883694879,2.04309357123146,0.0464538614775044,0.483212183981998,-4.58531883352775,1,0,19,20,1
"ASH1L",3.833318702883,27226.4385624085,2.54449477158136,0.0141533886543178,0.37368842690551,-4.57890955305574,4,0,30,34,4
"ATP6V0A4",1.19808743518463,7.13985086656757,2.53593083863935,0.0144619665108404,0.37368842690551,-4.57902585235194,0,1,3,4,1
"BAALC",3.57970700679645,2434.68792656319,2.37192819321634,0.0216778028781526,0.409485255785241,-4.58121076635547,2,0,12,14,2
"BGLAP",1.87024397172733,117.679090816001,2.27819334696473,0.0271236187586687,0.437636621104621,-4.58242103095903,1,0,14,15,1
"BIRC6",4.18118763255292,57166.2012580866,2.79477540405079,0.00739958167523104,0.311171882026821,-4.57542422822872,3,0,27,30,3
"BMF",2.45246306580118,514.304005804995,2.07452206798836,0.0433179929612598,0.476946419655463,-4.58494357520183,2,0,17,19,2
"BTAF1",3.65837081519923,18688.6924101669,2.04382545151346,0.0463786528158169,0.483212183981998,-4.58531013937348,3,0,10,13,3
"C12orf42",2.27667502029119,100.27438392343,2.42425763301399,0.0190842499940229,0.39592049371607,-4.5805226029411,2,1,2,5,3
"C17orf67",1.89818667024932,121.446237773891,2.45074964549544,0.0178808852442658,0.388215875418747,-4.58017093680178,0,1,5,6,1
"C1orf192",2.53458787650264,577.617296061427,2.13987960548698,0.0373821003875087,0.464572726804363,-4.58415088899006,1,0,3,4,1
"C1orf50",2.18368562100699,562.672569766997,2.4114100493438,0.0196937143169138,0.39882959696043,-4.58069236076114,2,0,6,8,2
"C2orf47",2.2407388209719,835.053853380557,2.02163652296801,0.0487063211560127,0.491177240628645,-4.58557277267903,3,1,45,49,4
"C9orf91",2.49390944411897,663.835633790317,2.2980715301348,0.0258762333662713,0.433917827187114,-4.58216684514314,1,1,18,20,2
"CA11",2.07643237655583,191.270756402711,2.09123230012395,0.0417269890693457,0.471505084806358,-4.58474247337328,1,0,13,14,1
"CABP7",1.02910940580561,15.1769917192936,2.47454032566038,0.0168590837514742,0.386160048109762,-4.57985329651051,2,0,2,4,2
"CCDC102B",2.23178747622276,150.174618335801,2.8329234368932,0.0066830316293268,0.299209696266454,-4.5748795108796,1,2,23,26,3
"CD69",3.90614200688015,10512.6782968035,2.31683013444384,0.0247462625831432,0.428658590860294,-4.58192573962627,1,1,19,21,2
"CD84",3.24369645973427,4479.42172719505,2.0099375551417,0.0499737939328901,0.494822663457335,-4.58571044548112,2,0,4,6,2
"CDK6",3.8191425888514,12269.3252383917,2.10197037243422,0.0407317251226688,0.468009323948187,-4.58461267183235,3,0,22,25,3
"CEP68",3.02812067381087,3325.48841283591,2.25142530414724,0.0288877702877722,0.446457762731871,-4.58276115828262,1,0,11,12,1
"CHAD",1.43032265960731,59.5410903535188,2.04885307136832,0.0458648607196668,0.482819363315173,-4.58525035756462,1,0,7,8,1
"CHD4",4.05135163713382,48628.7763443195,2.11006305450372,0.0399954163390438,0.467191670638572,-4.58451455370558,5,1,30,36,6
"CIITA",4.41075916720265,33509.9026094311,2.52350037805233,0.0149207503498054,0.374343483042678,-4.57919428478717,1,0,5,6,1
"CLDND1",3.10225593069295,4213.67281649556,2.23558608787543,0.0299789600950811,0.451487685964089,-4.58296123513756,0,1,28,29,1
"CLIP4",3.34852156455332,3904.21176947608,2.79568570285851,0.00738168598794949,0.311048975078423,-4.5754112684464,1,0,1,2,1
"CNOT8",3.03253273936376,4468.24860417386,2.56572212685412,0.0134141714762396,0.367363507444565,-4.57862038468394,2,2,30,34,4
"COG1",3.32830449763309,7137.66874204225,3.41152777271016,0.00130492707393591,0.204292068583016,-4.56629039426016,2,0,20,22,2
"CRTC3",3.5296196945387,6031.49645483574,2.20806278207543,0.0319621599996474,0.458597706241936,-4.58330677726886,1,0,12,13,1
"CRYGN",1.01063956415892,6.17636434172185,2.11526635512628,0.0395281676327983,0.46656713318395,-4.58445133447428,0,1,8,9,1
"CSDE1",4.10980269480926,57156.3523774695,2.02523428755215,0.0483221726865098,0.488791766405339,-4.58553032310196,1,1,30,32,2
"CTSO",2.53517836098451,807.003730708579,2.57941295886724,0.0129562425979678,0.366138389084857,-4.57843321094842,3,1,1,5,4
"CYP20A1",2.6686501640504,2030.76125635402,2.26949242635321,0.0276862491370498,0.441819244610874,-4.58253186263452,0,1,20,21,1
"CYP2R1",2.30286653111005,623.548162996805,2.46849198270085,0.0171137255088171,0.38679942593862,-4.57993421333005,1,0,10,11,1
"DCAF17",3.46682081038742,5681.85557876618,2.66479037552378,0.0104080679167235,0.334701552479898,-4.57725448147113,3,0,0,3,3
"DCAF8",3.36001242681982,10413.1252565019,2.13821291275838,0.0375241277103727,0.464572726804363,-4.58417130621353,1,0,6,7,1
"DCHS1",3.26443513713675,1934.26371923341,2.10389070538411,0.0405559409407276,0.467562225333803,-4.58458941194457,1,0,12,13,1
"DCTD",2.76158390472775,2690.27924349699,2.13406346277509,0.0378797812573201,0.464572726804363,-4.58422209200275,0,1,14,15,1
"DDX31",2.88338542957436,2410.57603730972,2.36764156657901,0.0219036719999346,0.411416710783581,-4.58126674915706,1,0,2,3,1
"DDX47",3.03898769755086,4716.46685435439,2.26094640884327,0.0282489379284722,0.445144148332568,-4.58264046508371,2,0,11,13,2
"DHRS12",2.64855823717495,1176.0288968944,2.40733735597432,0.0198905406686632,0.39923293898629,-4.5807460657563,8,0,39,47,8
"DHX57",2.78045413534986,2738.7953474159,2.33740770019954,0.0235575775818434,0.420558774226688,-4.58165989276613,1,2,8,11,3
"DIP2B",3.5907310176015,17023.4465056375,2.09405137186509,0.0414636684019534,0.470949287797802,-4.58470843971008,1,0,11,12,1
"DISP1",2.69932733045635,804.399379225462,3.30329188248639,0.00179247297097027,0.211903702300555,-4.56793496273786,1,0,10,11,1
"DLST",3.05671565513449,6623.52712936601,2.48489042275514,0.016431274950471,0.385698650645294,-4.5797145743323,1,0,10,11,1
"DMAP1",2.72388917364943,2147.54654708497,3.19342720228475,0.00246077026969793,0.227198578164922,-4.56958933101812,5,0,30,35,5
"DNMT3A",3.36437639457992,5056.04015931498,2.16096275090783,0.0356258122178134,0.464572726804363,-4.58389171678953,2,0,5,7,2
"DPH1",3.0413041602293,2342.57220319336,3.37253753396322,0.00146388171849122,0.205424205647382,-4.56688435355906,2,1,37,40,3
"DSE",3.19517824412106,3101.1924784504,2.15456515730136,0.036150923401978,0.464572726804363,-4.58397053736682,1,1,17,19,2
"DYNC1H1",4.49720105024194,128957.423273904,3.95474206217654,0.000247026182874874,0.118548040376503,-4.55789772192151,1,0,7,8,1
"EID2B",1.51252451120884,64.7691608197454,2.26479941947862,0.0279940015338074,0.443420072407095,-4.58259153268683,1,0,9,10,1
"EIF2B5",3.26422722992076,9423.27315446064,2.22235174030188,0.0309185401076019,0.455212454071297,-4.58312772494197,0,1,12,13,1
"ELFN2",1.37389911251774,19.0705162481239,2.46057598261181,0.017452251297416,0.387610545316588,-4.58003994921069,4,0,8,12,4
"ENGASE",3.02885715806327,2776.17658829934,2.50187851416162,0.0157503603984286,0.380272307620493,-4.57948619129663,0,1,3,4,1
"EPS15",3.63831997800619,19215.1505631071,2.36960956721619,0.0217997141540557,0.411067268616312,-4.58124105472439,1,2,17,20,3
"ERCC4",2.58461260580898,1432.8444811982,2.169979278752,0.0348971314216604,0.464572726804363,-4.58378037150005,1,0,41,42,1
"ERCC8",2.66719565435579,1726.82370053702,2.11107629816157,0.0399040516673274,0.467191670638572,-4.58450225110214,1,0,6,7,1
"ESYT1",4.12752463032488,37402.8556634784,2.30162581193647,0.0256586645777893,0.433917827187114,-4.58212125340994,2,0,19,21,2
"FAM13A",3.08188375090062,2434.91351133152,2.23246825342094,0.0301980053704081,0.451969282107247,-4.58300051411701,1,0,3,4,1
"FASTKD2",3.06074311538916,3942.59256589049,2.07340431572328,0.0434262766848088,0.476946419655463,-4.58495698803486,1,0,15,16,1
"FBXO15",1.4933434841174,36.636834408673,2.10300486678819,0.0406369466411782,0.467696359847,-4.58460014336362,1,0,20,21,1
"FBXO18",2.99567664512917,6289.83933538881,2.45421904606652,0.0177284727694136,0.388215875418747,-4.58012472245974,1,0,10,11,1
"FBXO38",3.36016962372102,7639.06241247696,2.05541128011497,0.0452020853175305,0.481115650282111,-4.58517222498112,0,2,4,6,2
"FHOD1",3.27281325174917,5386.06486980806,2.89794159762756,0.00560811785945159,0.284848509565397,-4.573943760319,1,0,4,5,1
"FMO5",2.50316493631741,621.288337393858,2.73478708657913,0.00867123796988189,0.325743756937299,-4.57627400246987,0,1,2,3,1
"GAN",2.86876042503734,2389.59528908478,2.46366822986619,0.0173192982416985,0.387610545316588,-4.57999866794404,2,0,23,25,2
"GATAD2B",3.36237402421524,7615.2036773189,2.84440828527711,0.00648023943579563,0.297556676752446,-4.57471488235108,3,0,20,23,3
"GFM1",3.28308197887329,7130.21600065101,2.28972103077234,0.0263938758141329,0.433917827187114,-4.58227378959109,4,0,12,16,4
"GLIPR1",3.59021394777867,5791.39933143404,3.19509915967553,0.00244903378052918,0.227198578164922,-4.56956427981285,1,0,14,15,1
"GLIPR1L2",1.66795256893246,41.5867973667785,2.63233634660197,0.0113170419723636,0.34824085028667,-4.57770483677256,2,0,6,8,2
"GNPTAB",4.06471424275931,22390.9875917381,2.01679430876437,0.0492275153841487,0.493208358581223,-4.58562982282855,1,1,13,15,2
"GNRHR2",1.38688486372028,51.3951807956446,2.42819827481249,0.018900749238065,0.395412049014666,-4.58047043091096,7,0,36,43,7
"GPATCH8",3.53361626199833,14984.4758772372,2.45694010341815,0.0176097575622019,0.38795294316818,-4.58008845073629,1,1,4,6,2
"GPR179",1.74176375505274,89.0873905008446,2.1430283890093,0.0371150633621626,0.464572726804363,-4.58411228736718,1,0,3,4,1
"GRSF1",3.12360924012302,5088.95221912296,2.47633611025312,0.0167841420135548,0.386160048109762,-4.57982925067464,1,1,20,22,2
"GUCY1A3",3.75019305113159,5693.2441401977,2.35546193505935,0.02255699756308,0.415335982314148,-4.58142548699212,3,0,4,7,3
"GUCY1B3",3.40047705959421,2351.58381202258,2.43993540766992,0.0183635816242596,0.389270453737111,-4.58031475152702,3,1,8,12,4
"HDAC7",3.37069135167946,8399.88752104693,2.42333843763679,0.0191272836910015,0.396161706278031,-4.58053476563694,1,0,8,9,1
"HERC1",4.21201866936873,53573.0204703389,2.32751249333373,0.0241226595367695,0.425483362268125,-4.58178790818093,1,0,21,22,1
"HINFP",2.60877352436884,1648.51534614625,2.2582412496852,0.0284291562122087,0.445144148332568,-4.58267478902697,1,0,6,7,1
"HSCB",2.15348883205396,481.7595709923,2.21135393907086,0.0317190632009435,0.458597706241936,-4.58326560156411,2,0,0,2,2
"IKBKE",3.14328268889997,5118.67212987921,2.02952885601546,0.0478670606930864,0.486968814318402,-4.58547958373492,1,0,11,12,1
"ING4",2.97189680976977,2221.82545131127,2.12033680845698,0.0390774502919672,0.464857323836329,-4.58438962965323,3,1,20,24,4
"INTS4",2.77923738533617,4994.95252436461,2.03861600312069,0.0469162883937465,0.483212183981998,-4.58537197690325,0,1,15,16,1
"ITGA6",4.33925089748081,18140.9893984843,2.83920743903694,0.00657135545395752,0.298064057206361,-4.57478946934947,6,0,19,25,6
"ITIH2",1.58046869216573,61.8456424007718,2.34734081716235,0.0230022686165577,0.417304828831689,-4.58153105995574,1,0,2,3,1
"ITPR1",4.15265705765161,22445.2813709646,3.62741917208592,0.000682641365216808,0.159433179446692,-4.56297591631189,3,0,26,29,3
"KCNN4",2.84287700124121,1457.82971851982,2.49795690202478,0.0159052348215691,0.381983061483556,-4.57953898821793,2,0,14,16,2
"KIAA1199",2.74014903637356,1510.2808674349,2.03919586943134,0.0468561777522573,0.483212183981998,-4.5853650990998,1,1,22,24,2
"KLHDC2",3.1275492964852,3769.02327090971,2.69438921696466,0.00963795183324783,0.330122126510089,-4.57684137469185,1,0,2,3,1
"KLHL24",3.25615608189636,4524.08781492723,3.3383047474016,0.00161844708039422,0.207540862025367,-4.56740444729744,1,0,20,21,1
"KLHL28",2.62574880943422,1504.43192100118,2.54855060737183,0.0140093476659113,0.371832952797517,-4.57885440126416,2,3,25,30,5
"KPNA5",3.0933185964142,2739.19589180842,2.81945940590618,0.00692825228908203,0.30465472317145,-4.57507213808834,2,4,26,32,6
"LETMD1",2.90681954138727,2870.00128210592,2.20330967362902,0.032316147201963,0.460464164185639,-4.58336617433312,1,0,19,20,1
"LGALS8",3.17977131452885,5827.76960439588,2.09231734792148,0.0416254659030524,0.471117225798462,-4.58472937762029,1,2,12,15,3
"LMBR1L",3.19032881753899,4086.73741631463,2.75371533191754,0.0082497392420249,0.320487777239601,-4.57600679166932,1,0,5,6,1
"LMOD3",0.962058312234919,8.22795276089849,2.17121862792754,0.0347980043968775,0.464572726804363,-4.58376504318758,3,0,18,21,3
"LONP2",3.13070433197545,7713.52876700263,2.71924037488075,0.00903217939557732,0.326264962860334,-4.57649282653363,2,0,9,11,2
"LPCAT4",2.98034680514972,2825.27869289533,2.44013562193879,0.0183545392118779,0.389270453737111,-4.5803120922191,1,0,4,5,1
"LPIN1",3.54645642792813,5795.31079523438,2.31685549778771,0.0247447650582266,0.428658590860294,-4.58192541282419,1,0,9,10,1
"LRRC8C",3.36466382235273,3717.69460977972,2.92946118825839,0.00514701507573195,0.272287493885052,-4.57348693707907,3,2,26,31,5
"LSG1",2.84185294829907,3400.13582726047,2.2687193018926,0.0277367403434794,0.441819244610874,-4.58254169793178,7,0,38,45,7
"LY6G5C",1.93026249940725,253.225007156223,2.59198728428332,0.0125482636101013,0.36306076356023,-4.57826084367086,1,0,11,12,1
"MACF1",4.92517510819134,174550.068586656,3.13804498884096,0.0028808799737263,0.236550990411818,-4.57041676651881,2,0,7,9,2
"MADD",3.76450247833667,22229.6532448558,2.24372248496288,0.0294139498957886,0.450623447739759,-4.58285856903424,2,0,10,12,2
"MARCH5",2.59807389152029,1564.73391778874,2.69973881270312,0.0095044804658575,0.329626172283345,-4.57676647435486,1,0,15,16,1
"MARCH6",3.86103136597803,31930.2714877926,2.36225861468252,0.0221902964308745,0.413065607576153,-4.5813369651944,1,0,63,64,1
"MAST4",3.84009080662035,8453.01753716398,2.78087139255126,0.00767795461787123,0.315058969619404,-4.57562194017224,1,0,10,11,1
"MBD5",3.60025233225052,7044.91228204933,2.36107952297204,0.0222535263127986,0.413407018736088,-4.58135233283226,0,1,14,15,1
"MBLAC2",2.14364996612905,357.779264490239,2.18088142264443,0.03403360737296,0.464572726804363,-4.58364533891643,1,0,9,10,1
"MBNL2",3.25606607790385,2487.79723244878,2.79225629289839,0.00744931451860792,0.311372353741571,-4.57546008250465,1,1,27,29,2
"MDFIC",3.09030072926043,2206.78817030667,2.02650165792742,0.0481874764342581,0.488077345414567,-4.58551535712676,1,0,0,1,1
"MDN1",3.98266933687751,33015.2137343371,2.46936830928364,0.0170766170215424,0.38679942593862,-4.57992249636691,2,0,13,15,2
"MERTK",3.61201230761297,5156.62550042635,2.17603147743241,0.0344154040482285,0.464572726804363,-4.58370546386883,1,0,13,14,1
"MLH3",3.24691489020557,5186.82242723669,2.32049391220739,0.0245307791089526,0.426959125702778,-4.58187851009103,2,0,11,13,2
"MMP28",2.58724039442642,208.969026223046,2.15929691551562,0.0357618933242387,0.464572726804363,-4.5839122551552,1,0,0,1,1
"MMS19",3.24397718144932,8363.78952263738,2.66843722165421,0.0103102243746787,0.334701552479898,-4.57720370392986,1,0,20,21,1
"MRRF",2.62840740133509,2328.85402766182,2.04557610750097,0.0461991824078116,0.483010475762395,-4.58528933431155,6,0,13,19,6
"MYCN",3.59042033031986,3765.34102344782,2.36912137214399,0.0218254612560248,0.411067268616312,-4.58124742982633,1,0,15,16,1
"N4BP2",3.44854218514048,5128.82232407404,2.15442340669581,0.036162634837288,0.464572726804363,-4.58397228205378,1,0,6,7,1
"NAA35",2.95163472127749,3318.17176884846,2.06066038972483,0.0446776200674859,0.481115650282111,-4.58510956581782,1,2,13,16,3
"NDFIP1",3.47381386100781,7075.71696764635,2.77735671756998,0.00774983794529295,0.315058969619404,-4.5756718471277,1,0,7,8,1
"NEK8",2.54071274275614,984.027341544026,2.02750034167222,0.048081565395838,0.487821272423971,-4.58550355942978,2,0,21,23,2
"NEK9",3.24668081444615,9754.67014880147,2.16111267828643,0.0356135871016843,0.464572726804363,-4.58388986780274,4,1,64,69,5
"NF2",3.2903428703062,8727.78538623047,2.12772977869562,0.0384283463698022,0.464572726804363,-4.58429948532367,3,0,2,5,3
"NHEJ1",2.59513730871177,1340.14751301805,2.81381326780607,0.00703354369609259,0.305856947475634,-4.57515279566391,4,0,25,29,4
"NOL8",3.27986895257171,5042.63873799016,2.16918803779949,0.034960547259582,0.464572726804363,-4.58379015462131,0,1,24,25,1
"NOL9",2.73355736767061,3072.40260433025,2.03594392507442,0.047194148754434,0.484032352289744,-4.58540365307824,1,0,2,3,1
"NPR3",4.13596450738414,7113.69592609752,2.54217471763227,0.0142363885957534,0.37368842690551,-4.57894108038572,1,0,4,5,1
"NUBP1",2.25824324672214,874.536263941974,2.03516179349511,0.0472757494290331,0.484032352289744,-4.58541291945534,1,0,24,25,1
"NUMA1",4.01048856674511,41421.3639831367,3.00738052694297,0.00415431721429633,0.256633654124525,-4.57234921917116,3,0,26,29,3
"OPA1",3.50069360018303,12452.0140309566,2.0529984003394,0.0454449579775812,0.481670182156261,-4.58520099117345,2,2,33,37,4
"OSBPL3",3.66365998469778,5397.66015364866,2.19637864814541,0.0328385398308205,0.462186874285546,-4.5834526407813,3,0,35,38,3
"PACS1",3.67824778060112,16027.5287685062,2.23173687633232,0.0302495935221599,0.452415446961375,-4.58300972311538,1,0,5,6,1
"PALLD",2.85088927422205,1061.61985233393,2.59623960774644,0.0124129704154128,0.361158329705583,-4.57820245498264,1,1,20,22,2
"PAQR6",2.69513638980577,613.266409033103,2.09792590451839,0.0411041277810158,0.469432188302816,-4.58466161360804,1,0,6,7,1
"PBLD",1.90903407642282,231.366216404934,2.14356683380341,0.0370695677913087,0.464572726804363,-4.58410568271761,0,2,33,35,2
"PBXIP1",3.62191174197211,10452.3939992593,2.67186936789925,0.010218912585097,0.334311322902056,-4.57715588454631,1,0,2,3,1
"PDE3B",3.59155275842765,7526.68494844603,3.22844050309783,0.00222573203057117,0.222384716918403,-4.56906388238857,2,0,9,11,2
"PDE4DIP",3.67340807383333,10911.8528374447,2.3318945506804,0.0238709370554673,0.423479800504079,-4.58173125725307,2,0,8,10,2
"PDGFC",3.13795134337623,1921.34946083454,2.23734513579318,0.029855999335991,0.451487685964089,-4.5829390591278,1,0,7,8,1
"PEX26",2.88292215247314,2644.68836196359,2.3269707948123,0.0241539410043748,0.425483362268125,-4.58179490676739,2,0,36,38,2
"PIK3C2B",3.60746971580045,5380.6543995917,2.14428617168708,0.0370088641462316,0.464572726804363,-4.58409685750281,3,0,16,19,3
"PIPOX",2.16847432386982,146.279189864503,3.42912525735585,0.00123869174694992,0.201587884674423,-4.56602179726641,1,0,22,23,1
"PITRM1",3.24059373084277,9730.85549684402,2.73995965900305,0.00855412567372124,0.325576970243062,-4.57620106673868,1,1,21,23,2
"PLA2G15",2.47818153502597,789.472900250717,2.07637250810303,0.0431392460127457,0.476946419655463,-4.58492135948193,2,0,14,16,2
"PLAC8L1",1.1330282475913,17.212136131033,2.68095692167925,0.00998071128082234,0.333064427950498,-4.57702912385472,1,0,13,14,1
"PMPCA",2.74989481824704,3983.89904497771,2.38727331534103,0.0208862764026073,0.405510616609486,-4.58100987403485,1,0,8,9,1
"POLR3D",2.83889130589863,1811.45986187545,2.01413136482498,0.0495161935260974,0.49441325348843,-4.5856611567391,1,0,0,1,1
"PPP1R8",2.73761431733206,2430.97720992223,2.13944646218153,0.0374189652914729,0.464572726804363,-4.58415619606496,1,0,5,6,1
"PPP2R5D",2.81609149701633,5466.00847688272,2.33986845234167,0.0234189034796373,0.419762123283852,-4.58162800717775,1,0,3,4,1
"PRDM15",2.74261853587723,2397.03867331441,2.23285675121409,0.0301706341330801,0.451969282107247,-4.58299562164507,0,1,8,9,1
"PRKCQ",3.61186015483443,6209.46795854931,2.68130643422022,0.00997165254142557,0.333064427950498,-4.57702424435786,1,0,7,8,1
"PRR5L",3.10230700343186,1929.03945848009,2.19806951496534,0.032710416182097,0.461321239488718,-4.58343156285736,4,2,11,17,6
"PRSS35",1.04727311056176,7.47387958724962,2.12272950838411,0.0388663279252621,0.464572726804363,-4.58436047764206,1,1,21,23,2
"PTGR2",1.57171224874584,51.1894755890566,2.44463341673095,0.0181524583158042,0.388926801884715,-4.58025231854334,1,1,4,6,2
"PUM1",3.46097563444531,14927.1280196812,2.65317595655936,0.0107253804731457,0.34015921738881,-4.57741596774244,1,1,9,11,2
"PWP1",2.97295006212535,4499.82057251809,2.09263750174162,0.0415955517294933,0.471117225798462,-4.58472551271952,1,0,8,9,1
"RAP1GDS1",2.85366462754042,3173.81207036692,2.40408769506068,0.0200488590701363,0.399645046684776,-4.58078888015036,0,2,23,25,2
"RARG",2.53872874327838,459.736849796217,2.85533912721299,0.00629254265972739,0.297556676752446,-4.57455792719435,1,0,6,7,1
"RBM43",2.49832854433876,539.024239015469,2.55074956921592,0.0139318113945282,0.37152689333752,-4.57882447994292,1,0,7,8,1
"RBPMS",3.58051564127558,2482.95710113287,2.12503005997533,0.0386642789197129,0.464572726804363,-4.58433242777641,3,0,24,27,3
"RC3H2",3.50222446367172,10591.2951437528,3.1943131072261,0.00245454497153202,0.227198578164922,-4.56957605787073,1,0,4,5,1
"REPS1",3.32469940682144,8437.65972769679,2.02517391062702,0.0483285976796268,0.488791766405339,-4.58553103591245,2,0,5,7,2
"RNF25",2.23851816286797,785.351449342119,2.28132562767495,0.026923578839909,0.436057165993979,-4.5823810680919,1,0,11,12,1
"RPL17",2.6115721560313,807.56849816301,2.64085299552535,0.0110717241543802,0.344833579584848,-4.57758692100542,2,0,6,8,2
"RPL7L1",2.91009777004142,3553.85762424718,2.1072504517709,0.0402499893759461,0.467191670638572,-4.58454868311268,2,0,6,8,2
"RPP14",2.0660830481011,777.926355675803,2.02411299307682,0.0484416156636206,0.489655807102704,-4.58554355871634,1,0,16,17,1
"SEC31B",3.40402007861492,5263.67654687409,2.44384661224387,0.0181876629993395,0.388926801884715,-4.58026277931867,1,0,18,19,1
"SECISBP2L",3.21581714263334,7471.4798105748,2.06168820546781,0.0445755475155667,0.481115650282111,-4.58509728392319,1,1,11,13,2
"SERINC5",3.22815061910302,3043.74607760938,2.10380495736525,0.0405637760135392,0.467562225333803,-4.58459045086408,3,0,11,14,3
"SGK223",2.95204505401054,1284.0674358186,2.74670160571805,0.00840366895658158,0.323292257229677,-4.57610590514721,5,0,36,41,5
"SHPRH",3.14357837071657,5461.51275111445,2.70655169240977,0.00933696033330591,0.328592606353221,-4.57667098272945,1,0,6,7,1
"SLC16A11",1.15366613354032,16.5712525947274,2.13227565517795,0.0380339248659975,0.464572726804363,-4.58424395319795,5,1,21,27,6
"SLC16A7",2.86576048259271,1396.72047260978,2.49232129126624,0.0161302169433784,0.383836342247128,-4.57961478119609,3,2,12,17,5
"SLC25A12",2.83672058481268,3559.45834017735,2.11966210434778,0.039137164695761,0.464857323836329,-4.58439784612017,6,0,5,11,6
"SLC29A3",3.2169375370848,3025.80161629974,2.93958168932323,0.00500661678317577,0.268753119001792,-4.57333983187282,1,0,33,34,1
"SLC38A1",3.99980178727669,16781.8459990167,2.16889868474459,0.0349837634437491,0.464572726804363,-4.5837937316833,0,1,9,10,1
"SLC39A10",3.38503290281693,4596.70833338393,2.12724033893016,0.0384710254169092,0.464572726804363,-4.58430545961121,2,0,14,16,2
"SLC7A6",3.44710029449445,4511.92598021718,3.24119304927653,0.00214552021471083,0.222384716918403,-4.56887207507079,1,0,4,5,1
"SMARCD1",2.85613561466758,3659.4344164944,2.07333232848088,0.0434332586162166,0.476946419655463,-4.58495785170138,1,0,2,3,1
"SMTNL1",2.65073739845915,578.705325325556,2.76379965401852,0.00803297304104048,0.319598675777954,-4.57586408112512,1,0,5,6,1
"SNAI3",2.13536027112983,286.975934344248,2.03445236849748,0.0473498703008751,0.484032352289744,-4.58542132231413,1,0,1,2,1
"SNORD4B",1.81326336542812,91.8439440648963,2.06089420992309,0.0446543815029317,0.481115650282111,-4.58510677214757,2,0,21,23,2
"SNRNP200",4.13935461882195,87246.2567645586,2.70766435587192,0.00930986067884162,0.328592606353221,-4.57665537627204,0,1,14,15,1
"SNUPN",2.54715186431469,1622.77683267558,2.12915347936244,0.0383044357224516,0.464572726804363,-4.58428210192166,0,1,5,6,1
"SPTAN1",4.44139710198583,71419.5422945155,2.57293004733392,0.0131712756229774,0.366782948782483,-4.57852190695795,1,0,4,5,1
"SPTBN1",4.41539291138608,47003.1988922153,2.21249943005226,0.0316348372724339,0.458597706241936,-4.58325126114145,5,0,12,17,5
"SRP68",2.96492874118873,6708.65253356014,2.30988854026193,0.0251591683755128,0.431185333571461,-4.58201509926648,2,0,16,18,2
"SSBP3",3.52385387334007,10241.9630954116,2.28450130141991,0.0267221090474557,0.43471033152063,-4.58234051706505,4,0,30,34,4
"STX17",2.96855012609065,1922.83592479821,2.14786366523492,0.0367082601240138,0.464572726804363,-4.58405293804906,1,0,18,19,1
"SUMO4",2.14844220862253,148.012120515437,2.4564133229627,0.0176326839014727,0.38795294316818,-4.58009547448842,1,0,9,10,1
"TAS2R3",1.84408194837866,69.4851786728031,2.85429807317484,0.00631019919905912,0.297556676752446,-4.5745728867943,0,1,3,4,1
"TAS2R5",1.91775905461608,125.580133686867,2.49318473669371,0.0160955608977692,0.383450896892498,-4.57960317487688,0,1,1,2,1
"TESK1",2.79933030407767,2204.54746875891,2.1084683758918,0.040139579793532,0.467191670638572,-4.5845339079951,1,0,2,3,1
"TFIP11",3.1391904162234,6224.8314673805,2.58451536979209,0.0127892561422148,0.3657025108705,-4.57836332032009,2,0,6,8,2
"TGFB3",2.45691801065684,454.240345874845,2.52867972546377,0.0147280077788307,0.374343483042678,-4.57912415891718,3,0,7,10,3
"TIAF1",0.7553648008168,6.50788040450364,2.12010703410578,0.039097777411808,0.464857323836329,-4.58439242801317,2,0,12,14,2
"TMPRSS13",2.16338324888676,187.629206463059,2.80754852547433,0.00715210322088824,0.306978909732918,-4.57524220618877,1,0,14,15,1
"TSC22D1",3.30960678381135,5948.22994128672,2.06935354075143,0.0438206782267162,0.478846327546314,-4.58500555555999,3,0,34,37,3
"TTC14",3.32853956942703,8058.2167072653,2.05874158765466,0.0448687205837856,0.481115650282111,-4.58513248339411,3,0,30,33,3
"TTC19",3.32230984322987,7800.04501270567,2.46210247161119,0.017386504117342,0.387610545316588,-4.58001957432677,1,0,4,5,1
"UBASH3B",3.54918951930852,4434.5943503194,2.58875233159806,0.0126520876578659,0.364439835400926,-4.57830522961792,2,0,18,20,2
"UBP1",3.16824259303617,6131.55542931581,2.53269977385154,0.0145799691612938,0.374343483042678,-4.57906967602057,3,2,41,46,5
"UBR4",4.39961805485794,93007.3945997298,2.35131457480611,0.0227834183107069,0.416998883755729,-4.5814794289698,3,0,38,41,3
"ULK3",3.00850346924955,3289.89440840431,2.36530762116054,0.022027536705148,0.412252295056526,-4.58129720508219,2,0,16,18,2
"USP10",3.37678064508832,10475.7261799156,2.25333905945046,0.0287583439929651,0.446457762731871,-4.58273692431351,0,1,6,7,1
"USP53",2.99997276465199,1388.3458776942,2.16866868610791,0.0350022270156004,0.464572726804363,-4.58379657476842,1,0,10,11,1
"VPS13C",4.22480896579436,61596.6729093146,2.76646143616576,0.00797664034783517,0.319598675777954,-4.57582637215199,1,0,5,6,1
"WASF1",3.01828966015065,1416.0087427849,2.35592523399393,0.0225318298347687,0.415335982314148,-4.58141945766363,2,0,1,3,2
"WDR59",3.0522348966446,5516.74857517837,2.29364499709765,0.0261494935936808,0.433917827187114,-4.58222356523836,2,1,24,27,3
"YEATS2",3.37030454958139,9809.89576986379,2.05144834992498,0.04560157842267,0.48210035122267,-4.58521945858838,3,0,14,17,3
"ZBTB20",3.00629663847094,1843.79378732739,2.03969547825373,0.0468044404179932,0.483212183981998,-4.58535917215343,1,1,20,22,2
"ZBTB39",2.61475691165953,1175.36682941071,3.24322323824884,0.0021330054149266,0.222384716918403,-4.56884151897652,2,0,28,30,2
"ZFAND2B",3.09379823888869,3394.56848685321,2.42652734879135,0.0189783628430337,0.39592049371607,-4.58049255900667,2,0,8,10,2
"ZFHX3",3.7316391048923,3798.57916665306,2.20556098932786,0.0321480513575078,0.459314731018478,-4.58333805103625,2,0,31,33,2
"ZFP62",2.87635953768524,2465.7334312865,2.04733963860792,0.0460190018771096,0.483010475762395,-4.58526836389433,1,0,0,1,1
"ZNF259",3.06748672264201,6458.57265687098,2.26157557633527,0.0282071683796635,0.445144148332568,-4.58263247833393,2,0,25,27,2
"ZNF271",2.25333402290696,563.479771479535,3.60326916142247,0.000734642222317442,0.167708324466182,-4.56334852108394,2,0,10,12,2
"ZNF345",2.47052706529386,566.247530542949,2.64492526904818,0.0109561535565469,0.343168481581064,-4.57753047145215,1,0,32,33,1
"ZNF609",3.65096446553108,15483.4762272322,2.29194042041923,0.0262554048559651,0.433917827187114,-4.58224538924716,3,0,7,10,3
"ZNF76",2.93447622146313,4330.11254263211,2.19175214692598,0.0331913746199002,0.463665122451405,-4.58351026034022,1,0,0,1,1
"ZSCAN16",2.3302533714538,435.610276293414,2.48056922174394,0.0166086770773999,0.386160048109762,-4.57977253034081,3,0,24,27,3
"ZSCAN2",2.58160080062551,797.290978332209,2.52783900664855,0.014759139446695,0.374343483042678,-4.57913554711641,4,0,13,17,4
"ACOXL",-1.50197872113952,26.2320108616473,-2.1087379875202,0.0401151742729517,0.467191670638572,-4.58453063645965,0,1,9,10,1
"ACTA1",-2.50651506135078,213.765124608893,-2.48535877627574,0.0164121506343945,0.38568553990827,-4.57970828941736,2,0,4,6,2
"ACTN1",-4.4057571053503,35188.9577466415,-3.20812668541758,0.00235937743017225,0.2265683218339,-4.56936894743753,2,0,6,8,2
"AGAP7",-3.76779355310207,2633.56303356774,-2.34913162147407,0.0229034101311793,0.416998883755729,-4.58150779849312,3,1,36,40,4
"AIG1",-3.17020597087427,804.041338475182,-4.86145791842229,1.24757360491964e-05,0.0370244200980009,-4.54389866644939,1,0,7,8,1
"AK2",-4.10475315371213,25414.4540412101,-3.98613161119507,0.000223640484627478,0.112728160364395,-4.55740914565396,3,0,15,18,3
"ALDH1L2",-2.24231802480475,141.008080021705,-2.06609198033214,0.0441405005810543,0.480091496895718,-4.58504461378812,1,0,23,24,1
"ALG14",-1.92806140510871,219.582435397262,-2.62243514560995,0.011608488426401,0.349698953315028,-4.57784168010571,1,0,5,6,1
"ALPK3",-2.52706097268593,171.874446413189,-4.07808067541535,0.000166810759599007,0.0911928084186782,-4.5559776603781,3,1,26,30,4
"AMPD3",-3.97841558220284,12036.4954464296,-2.38219273571241,0.0211454187935467,0.407113002796236,-4.58107647100187,1,0,28,29,1
"ANLN",-3.55524475889611,3245.45646507664,-3.24981261306192,0.00209285983382989,0.222384716918403,-4.56874230458669,1,0,0,1,1
"ANP32D",-1.11878288380387,8.0084356279859,-3.06342204163054,0.00355433418776874,0.248075094639613,-4.57152397691381,2,1,9,12,3
"APBB2",-2.66420384406498,257.998675597033,-2.65200353265147,0.0107578995775704,0.34015921738881,-4.5774322495816,1,1,19,21,2
"APITD1",-1.991348655263,224.600114205978,-2.14824308256866,0.0366765051305754,0.464572726804363,-4.58404827727617,1,0,3,4,1
"AQPEP",-1.3503267294601,16.2792419102481,-2.99308049278322,0.00432192223234091,0.256633654124525,-4.57255888384312,0,1,0,1,1
"ARFGEF1",-3.76862002978418,16505.4194818972,-2.1024990230477,0.0406832670173145,0.467711228012004,-4.58460627000966,1,0,8,9,1
"ARG1",-3.71547864860972,5517.77287597388,-2.14446980648264,0.0369933815194779,0.464572726804363,-4.58409460426294,0,1,10,11,1
"ARSA",-2.99284922529161,2070.12190755852,-2.30799669849978,0.0252727614116446,0.431185333571461,-4.58203942484772,1,0,7,8,1
"ASAP1",-4.42539341262767,21293.9649429849,-3.34558988948061,0.00158430999555217,0.206238533493792,-4.56729387834453,3,0,59,62,3
"ASB2",-2.18902221873566,149.08324578286,-3.10660005107591,0.00314855460474298,0.243194459578211,-4.57088444371155,1,0,8,9,1
"ASF1B",-2.58432667990034,465.037142457616,-2.19036902706266,0.0332975040106722,0.463665122451405,-4.58352747087915,1,0,6,7,1
"ASTL",-2.00129320506609,102.233069876568,-2.40336518281152,0.0200842124164295,0.399645046684776,-4.58079839473059,0,1,25,26,1
"ATP6V0D2",-1.79388297339927,14.7100434121363,-2.20863246208568,0.031919963910108,0.458597706241936,-4.58329965279547,1,0,5,6,1
"ATP6V1C2",-1.77119349733345,49.3274552276983,-2.02740424568613,0.0480917476617065,0.487821272423971,-4.5855046948099,1,0,1,2,1
"ATP8B4",-4.1437600225795,28961.8464161159,-2.04735727062179,0.0460172034932925,0.483010475762395,-4.58526815416685,1,1,7,9,2
"ATRNL1",-2.63094203310159,114.20494474349,-2.01206505609373,0.0497412005290661,0.49441325348843,-4.58568545044544,1,0,3,4,1
"AZIN1",-3.48328177994113,7218.79657050491,-2.68497581934903,0.00987700324807117,0.332552456200049,-4.57697299783167,1,1,26,28,2
"B4GALT2",-2.39672175924534,446.453032459601,-2.40830123070651,0.0198437990047458,0.399065905638518,-4.58073336025169,1,0,1,2,1
"B4GALT4",-2.22352578084229,693.856219243484,-2.08266999402367,0.0425357335974127,0.473039255756237,-4.58484565378448,1,0,7,8,1
"BARD1",-3.00995491895156,2699.22863305784,-2.28064699743098,0.0269668071193647,0.436231110513058,-4.58238972919604,1,2,19,22,3
"BBS4",-2.79427561749346,1922.88328122547,-2.13199116919378,0.0380585037061651,0.464572726804363,-4.58424743075796,1,0,2,3,1
"BCAR1",-1.32354378921866,6.49557669407833,-2.56547768411511,0.0134224799048747,0.367363507444565,-4.57862372181858,1,4,15,20,5
"BEST1",-3.54641873506217,3528.13564598715,-2.21103924725465,0.0317422366135891,0.458597706241936,-4.58326954036803,1,1,17,19,2
"BID",-2.89906100553878,1718.23290672361,-2.57349655274286,0.0131523561965927,0.366747714936936,-4.57851416096968,2,1,12,15,3
"BIN3",-2.97002953798998,1733.44229662319,-4.17582817863731,0.000121787945646251,0.0863624935555203,-4.55445637973766,2,1,26,29,3
"BRCA2",-3.34873329026191,4028.83222605498,-2.60533284310943,0.0121281153201777,0.359775510163771,-4.57807743002956,1,1,16,18,2
"BRI3BP",-2.68572098286715,950.056270452477,-2.36564530511941,0.0220095767198041,0.412252295056526,-4.58129279970186,1,0,1,2,1
"BTNL8",-2.78225134410076,408.615629801898,-2.07190419049226,0.043571973711999,0.477558519345074,-4.58497498157701,1,0,11,12,1
"BUB1B",-3.44067465762067,4451.42570605796,-2.12458816312807,0.0387030175597817,0.464572726804363,-4.58433781724176,7,0,24,31,7
"C15orf48",-1.45243649140715,25.036173550314,-2.24682221382924,0.0292011939375046,0.448332328400326,-4.58281939465243,2,1,37,40,3
"C16orf80",-2.89433268588421,2166.5631651509,-2.58363551371944,0.0128179103698732,0.3657025108705,-4.57837537734543,1,0,1,2,1
"C17orf53",-2.64009466425826,689.246921466857,-2.53011564896571,0.0146749737178568,0.374343483042678,-4.57910470348496,1,0,0,1,1
"C17orf85",-3.29279101515174,5503.79059476115,-2.94162402664333,0.00497872041979094,0.268120289845513,-4.57331012104371,1,0,6,7,1
"C2orf15",-1.24584816151385,19.3976986806485,-3.08805285348945,0.00331721702092315,0.243194459578211,-4.57115953974686,1,0,7,8,1
"C2orf48",-2.44915389055401,293.228024263974,-2.68269215528505,0.00993581137579548,0.333064427950498,-4.57700489543739,1,0,17,18,1
"C4orf33",-2.1500910866646,459.851980019336,-2.13785181850897,0.0375549606895808,0.464572726804363,-4.58417572828817,0,1,18,19,1
"CABLES2",-2.27795064698154,538.279689948609,-2.5336709030474,0.0145444106250373,0.373942557332333,-4.57905650752708,1,0,8,9,1
"CCDC147",-2.15574611199201,156.323280241741,-2.25647642794039,0.0285472786084755,0.445144148332568,-4.58269716785702,3,1,36,40,4
"CCDC34",-2.58365235312871,458.323675358721,-2.46066913980165,0.0174482325092212,0.387610545316588,-4.58003870599357,0,5,12,17,5
"CCDC42",-1.96539114816115,39.8397064469049,-2.71180460778144,0.00920965624089251,0.328072965232529,-4.57659727719927,0,2,24,26,2
"CCDC64B",-1.35008630870069,7.70156647790476,-2.18328819512496,0.0338455310633101,0.464572726804363,-4.58361546994174,1,0,1,2,1
"CCL20",-1.93412017101304,25.890289403021,-2.77961310363128,0.00770361849189616,0.315058969619404,-4.57563981066874,0,1,20,21,1
"CCNA2",-3.12028440318257,1753.26910751118,-2.07328264724408,0.0434380776926993,0.476946419655463,-4.58495844773988,2,0,6,8,2
"CDC25C",-2.34108128869779,241.107207270308,-2.84080770732068,0.00654319390980443,0.297556676752446,-4.57476652570943,0,1,7,8,1
"CDC6",-3.09658808869863,1537.37899401273,-2.80296793973995,0.00723995757374183,0.308688688687706,-4.5753075241206,3,1,29,33,4
"CDC7",-2.87030086198623,1716.47624676022,-2.25614185794484,0.0285697209936635,0.445144148332568,-4.58270140914291,0,1,9,10,1
"CDCA2",-3.0713209478606,1340.86062555637,-2.52443834481043,0.0148856761917702,0.374343483042678,-4.57918159092323,3,0,26,29,3
"CDCA5",-2.64812343180075,497.204708903235,-2.34146920691818,0.0233290865108163,0.418631053478362,-4.58160725436858,1,0,4,5,1
"CDCA8",-3.02137059398261,1425.59919525571,-2.29840452612991,0.0258557800455669,0.433917827187114,-4.58216257554071,3,0,27,30,3
"CDK14",-3.2580389154242,2985.15381035921,-2.62985537567373,0.0113894350487671,0.349177285785588,-4.57773915048585,1,0,13,14,1
"CDK15",-2.2716020443652,57.6902834221419,-3.57376088240079,0.000803336716840918,0.171463252173149,-4.56380324339848,2,0,17,19,2
"CDK2",-2.95445839269571,2600.44830258867,-2.15858146188076,0.0358204784515378,0.464572726804363,-4.5839210729303,1,0,8,9,1
"CDT1",-3.40566096602871,3482.91337898284,-2.63616407156853,0.0112061772066053,0.347977765754886,-4.57765186440554,1,0,9,10,1
"CEBPE",-3.28416423678377,1373.1387026219,-2.62465422399727,0.0115425782764273,0.349698953315028,-4.57781103321052,2,0,5,7,2
"CENPE",-3.39474343952054,3350.4565857693,-2.17145079032364,0.0347794629108285,0.464572726804363,-4.58376217116324,0,2,4,6,2
"CEP55",-2.70502887489903,499.006094695815,-2.15320617213273,0.0362633400650415,0.464572726804363,-4.58398726086112,1,0,13,14,1
"CGREF1",-1.87254703721918,69.83141672475,-2.11252577031929,0.0397736694042048,0.467191670638572,-4.58448464505327,1,0,9,10,1
"CHCHD7",-2.67976200954053,901.42714876867,-2.05626611184526,0.0451163117207299,0.481115650282111,-4.58516202819897,0,2,15,17,2
"CHD7",-4.26838555646594,15212.3336383564,-3.20235561437313,0.00239870541322771,0.2265683218339,-4.56945550808282,1,0,36,37,1
"CHEK1",-3.07191690670449,2083.2639824654,-2.46872315116875,0.0171039294899642,0.38679942593862,-4.57993112270715,2,1,16,19,3
"CHI3L1",-4.1181133882334,4628.90367381485,-3.01387209695996,0.004080255322939,0.256633654124525,-4.57225391628493,1,0,14,15,1
"CHIT1",-3.79099329981813,2147.24969775564,-2.84418190142484,0.00648418105130424,0.297556676752446,-4.57471813022791,1,0,28,29,1
"CHSY1",-3.66581423263608,13707.9775497704,-2.02836689172081,0.0479898306417995,0.487501585209165,-4.58549331940786,5,1,40,46,6
"CKS2",-2.81602044634339,1471.86369730257,-2.02045465757959,0.0488330893270251,0.491501258565707,-4.58558670596159,2,0,16,18,2
"CLC",-4.50874384945765,9737.34758433,-3.65150849558673,0.000634294608100292,0.155021602219711,-4.56260386735514,1,0,0,1,1
"CLEC12B",-2.51092734912323,303.97797583728,-2.51901158924811,0.0150896444963101,0.374981511234975,-4.57925499796489,1,0,11,12,1
"CLEC5A",-3.16285950807983,1037.11015573354,-2.28676998805682,0.0265790029095819,0.433917827187114,-4.58231152634574,0,1,7,8,1
"CNGA4",-1.41927096947307,40.6494157588311,-2.34958093849324,0.0228786660799461,0.416998883755729,-4.58150196047947,1,0,4,5,1
"CNIH4",-2.95768900595643,1761.98080146111,-2.19053231470231,0.0332849590798385,0.463665122451405,-4.5835254394103,3,1,31,35,4
"COL28A1",-2.59502262283443,111.635527524145,-3.12521598433939,0.00298739327153277,0.237882121071546,-4.5706077622463,5,0,12,17,5
"COX6A1",-3.33542305634308,7676.27105852582,-3.3703347273821,0.0014733901338914,0.205424205647382,-4.56691786059296,1,0,9,10,1
"COX6C",-2.66423362586798,1490.60259309415,-2.5170909920436,0.0151624371540088,0.374981511234975,-4.5792809571459,1,0,1,2,1
"CS",-3.7317858504251,18898.032123026,-2.29334240827483,0.0261682666544888,0.433917827187114,-4.58222744006444,2,0,13,15,2
"CSF1",-2.68333220867494,468.360565012109,-2.47459511079361,0.0168567929867674,0.386160048109762,-4.57985256307242,2,0,13,15,2
"CSNK1A1L",-2.34791738700985,220.063565284411,-2.38645306780475,0.0209279202566121,0.405510616609486,-4.58102063156756,0,2,7,9,2
"CTTNBP2",-1.90985185780461,27.9023851000128,-3.19285489210348,0.00246479983523338,0.227198578164922,-4.56959790509527,1,0,10,11,1
"CYR61",-2.60479016967828,232.331185216826,-3.19707709358119,0.00243521762564778,0.227198578164922,-4.56953463885076,3,1,14,18,4
"DCBLD2",-2.45655415389758,431.33121535809,-2.25671124529329,0.0285315368093738,0.445144148332568,-4.58269419088381,1,0,7,8,1
"DDX25",-0.896493472063489,3.94562842961355,-3.22830013961684,0.0022266304572556,0.222384716918403,-4.56906599230268,1,0,11,12,1
"DEFB1",-3.38321288895067,601.331376937245,-2.78727368682324,0.0075485933714599,0.312379439638861,-4.57553095645398,1,0,3,4,1
"DENND3",-4.01966560207718,15703.9330238609,-3.25901666149177,0.00203797859971153,0.222384716918403,-4.56860362379027,3,0,48,51,3
"DEPDC4",-1.43573423108107,46.7897591440504,-2.54057737617037,0.0142937905129347,0.37368842690551,-4.57896277780741,0,1,7,8,1
"DERL1",-2.78015665967733,3489.95323628023,-2.16272800242624,0.0354821069623196,0.464572726804363,-4.58386994143322,1,0,32,33,1
"DGAT1",-3.037109592892,2182.87915574801,-3.55183359098661,0.00085831748159472,0.17290579375609,-4.56414072343369,1,0,1,2,1
"DLL4",-1.37861013475053,17.2749254056806,-2.42597456862937,0.0190041023439258,0.39592049371607,-4.58049987756646,3,0,7,10,3
"DNAH2",-2.27401032314225,57.6803981203331,-2.37261508751392,0.0216418042219375,0.409485255785241,-4.58120179006148,1,0,10,11,1
"DNAJC3",-3.25868354681288,3687.01102192624,-2.18696313561771,0.0335601214141394,0.464572726804363,-4.58356982149457,2,0,13,15,2
"DNAJC5",-3.52653224047844,8327.90526047136,-2.3014408314704,0.0256699474554686,0.433917827187114,-4.58212362726529,1,0,16,17,1
"DOCK5",-4.34921711614568,25016.2795588689,-2.95030255698964,0.00486178815003832,0.266119377936942,-4.57318377858607,2,0,17,19,2
"DTL",-3.30457209295677,3067.94886361078,-2.26463892911642,0.028004579522389,0.443420072407095,-4.58259357191325,1,0,25,26,1
"DUOXA1",-1.89075055629191,33.185595754784,-2.71147560037602,0.00921758260783163,0.328072965232529,-4.57660189562907,0,1,21,22,1
"DUSP23",-2.26900407767024,506.959287935958,-2.60598925358676,0.0121077854458007,0.359775510163771,-4.57806839619015,1,1,31,33,2
"DZIP1L",-2.42678671100139,166.63821415537,-3.74974490366636,0.000469029662481301,0.135328086227591,-4.56108321248069,1,0,2,3,1
"EAF2",-3.18770265120328,3438.1357449205,-2.40852896899746,0.0198327696237571,0.399065905638518,-4.5807303578459,1,0,21,22,1
"EDN1",-2.21210491316712,80.9325249540708,-2.99906174257795,0.00425106380794428,0.256633654124525,-4.57247123396099,1,1,31,33,2
"ELL2",-3.27841298666914,2392.15561130039,-3.1470266895904,0.0028084465644845,0.234307907351811,-4.57028289444609,1,7,41,49,8
"ELOVL3",-2.05570686697389,44.1152133033016,-4.21501083549399,0.000107272441885161,0.0857106810662439,-4.55384698547115,2,0,17,19,2
"EML1",-1.41430564452412,13.2048672765985,-2.05660735863027,0.0450821106306481,0.481115650282111,-4.58515795685968,0,1,20,21,1
"EMR3",-3.77930878883703,3160.2297160188,-2.63648058984762,0.0111970543395952,0.347977765754886,-4.57764748233307,3,0,4,7,3
"ENTPD7",-3.56125600976946,2322.46524285223,-4.7978318845049,1.54840570015027e-05,0.0402082250186521,-4.54486474171221,2,0,4,6,2
"EPCAM",-3.19925512700489,441.687529535043,-3.03203699332533,0.00387952421969331,0.254876975564584,-4.57198682966067,1,0,1,2,1
"EPS8L3",-1.20672052233678,4.13948230759983,-4.14514543791809,0.00013446999289776,0.0872962385143149,-4.55493377791006,1,0,25,26,1
"EPX",-4.56762197586115,8234.84353750668,-3.38146640083394,0.00142593385696242,0.204292068583016,-4.56674848082546,1,0,2,3,1
"ERI1",-2.57444635732202,1158.55018043016,-2.10770873256823,0.0402084133140877,0.467191670638572,-4.58454312419664,2,0,33,35,2
"ERP29",-3.40152964761392,8986.02641547849,-2.47351781071521,0.0169018905180942,0.386160048109762,-4.57986698381157,1,0,2,3,1
"FABP5",-3.23847735091016,1469.15448267805,-4.38268961978087,6.20117991746429e-05,0.0715857244342888,-4.55124415551798,1,3,15,19,4
"FAM101B",-3.55136940581327,6137.85830983278,-2.22658077840417,0.0306155021595808,0.454879145361376,-4.58307459106009,2,0,23,25,2
"FAM107B",-3.44814577595968,4352.37875042197,-2.29186413110872,0.0262601538967355,0.433917827187114,-4.58224636576074,3,0,18,21,3
"FAM114A1",-2.34322716601097,239.892900638027,-2.84717292384315,0.00643228263672801,0.297556676752446,-4.57467520968541,3,0,0,3,3
"FAM131C",-0.87359364658904,1.49075352018089,-2.6408568435643,0.0110716144225729,0.344833579584848,-4.57758686768479,3,0,22,25,3
"FAM174B",-2.12948182236615,81.7567136949714,-3.61474397561759,0.000709478127719634,0.163763318058307,-4.56317152806325,1,0,23,24,1
"FAM49B",-3.64381352743757,8340.88972985174,-2.55889314675113,0.0136480546653823,0.36981879368411,-4.57871355086215,1,1,21,23,2
"FAM64A",-1.83724890925074,46.6173106177721,-3.40334178123047,0.00133687387014875,0.204292068583016,-4.5664152308485,1,0,18,19,1
"FANCD2",-3.74371496369539,10507.2940420097,-2.69343025290661,0.00966205906705905,0.330122126510089,-4.57685479366526,2,0,6,8,2
"FBLIM1",-1.06190875915814,6.59769209082713,-2.41575098644242,0.0194858560534468,0.3985347656598,-4.58063506099477,1,0,12,13,1
"FBLN5",-3.01715941081022,480.103518301889,-2.78797861879771,0.00753447366787879,0.312379439638861,-4.57552093278732,0,2,12,14,2
"FBN1",-3.99996953656217,6753.36420978846,-3.85206691097469,0.000341203848417804,0.12621127191314,-4.55949471640709,2,2,18,22,4
"FBN2",-3.99869138035521,8714.76032602436,-2.65250849820986,0.0107438824666993,0.34015921738881,-4.57742523739714,1,0,2,3,1
"FEN1",-3.04416527936576,1892.58531381572,-2.50094437064819,0.0157871275379258,0.380466110757389,-4.57949877184827,0,1,3,4,1
"FGFR1",-3.48552118933418,3212.77156062621,-2.46318549651695,0.0173399931643619,0.387610545316588,-4.58000511430962,1,1,37,39,2
"FKBP14",-1.86638447003004,130.53497068179,-2.7294895561818,0.00879270890068516,0.326026602069344,-4.57634863288356,1,0,10,11,1
"FKBP2",-2.31899961484223,588.292566974397,-2.46237389460837,0.0173748371675174,0.387610545316588,-4.5800159507544,1,0,2,3,1
"FKBP9",-2.73396377507893,589.713987778575,-2.54839401595716,0.014014884087824,0.371832952797517,-4.57885653148324,0,1,2,3,1
"FNDC3B",-4.33032397721134,33111.9854708249,-3.01805623539393,0.00403317529280672,0.256311041741734,-4.57219244800897,5,2,60,67,7
"FOXC1",-3.72124441739098,2451.15754804739,-2.73621849909623,0.00863868238071011,0.325576970243062,-4.57625382535562,2,0,22,24,2
"FRAS1",-1.35027971614831,19.698515722969,-2.18372275184755,0.0338116705963761,0.464572726804363,-4.58361007465765,1,0,9,10,1
"GALNS",-3.3410088001953,5905.27075798274,-2.03971512572241,0.0468024068239112,0.483212183981998,-4.5853589390517,1,0,9,10,1
"GALNT14",-3.14757562474224,1655.05650812528,-2.15595026530554,0.0360366610577855,0.464572726804363,-4.58395348530659,1,0,9,10,1
"GATM",-2.95129327633967,666.877885381504,-3.02809429135095,0.00392229112729667,0.254876975564584,-4.57204485157635,2,1,32,35,3
"GBE1",-3.29622309656031,3982.99237521845,-2.70680428244079,0.00933080197912528,0.328592606353221,-4.57666744011744,1,0,20,21,1
"GCA",-3.81091918002872,9190.16861525938,-2.15278246541386,0.0362984522763372,0.464572726804363,-4.58399247352854,2,0,2,4,2
"GCSH",-2.40606436360111,405.259024523329,-2.23132483374077,0.0302786915721871,0.452524848000443,-4.58301491043409,1,0,2,3,1
"GDF7",-1.49836532408429,26.099885065478,-2.42399409333515,0.0190965791231107,0.39592049371607,-4.58052609034003,0,1,18,19,1
"GEN1",-2.79243518452664,1687.78082858653,-2.10773135393104,0.0402063620359072,0.467191670638572,-4.58454284978009,2,1,18,21,3
"GGH",-2.88870269083364,684.712101750394,-3.83887225153168,0.000355569792645486,0.12621127191314,-4.55969976071309,1,0,14,15,1
"GINS3",-2.33688299673752,276.509383302142,-3.2389490807768,0.00215943354246275,0.222384716918403,-4.56890584217595,1,0,9,10,1
"GJB2",-2.27875010732553,37.1716656178054,-2.24652934851435,0.0292212367697141,0.448332328400326,-4.58282309733565,2,1,30,33,3
"GLDN",-1.52943164196697,22.1241094558427,-2.45715322287202,0.0176004899127148,0.38795294316818,-4.58008560889808,0,1,14,15,1
"GNG5",-2.98339518747918,3033.62705416701,-2.28715342575002,0.0265548836263157,0.433917827187114,-4.58230662478771,0,1,23,24,1
"GPD2",-3.65852001192318,8291.73155080472,-3.17198806283408,0.00261604222138093,0.229968509715188,-4.56991019182049,4,1,31,36,5
"GPI",-4.64876287734802,77973.6556729015,-2.30863354021609,0.0252344721417801,0.431185333571461,-4.5820312375955,1,0,1,2,1
"GPRC5B",-1.63721643124542,22.2474921895137,-2.12285727325469,0.0388550826035632,0.464572726804363,-4.58435892037569,1,0,23,24,1
"GPX3",-2.44307061090582,246.333650273667,-2.88738133872698,0.00577100555938989,0.286126180168891,-4.57409635638251,1,0,4,5,1
"GSR",-3.94045841792719,14886.3559592532,-3.18035073451239,0.00255440861356964,0.229968509715188,-4.56978511619508,1,0,4,5,1
"GSTM3",-2.98173535239168,353.362134130312,-2.97997177120479,0.00448109562933657,0.256633654124525,-4.57275074578649,1,0,12,13,1
"GYG1",-3.55708158592563,6286.18403267629,-2.38903168358075,0.0207972550375109,0.40529284817003,-4.58098680579725,0,1,1,2,1
"H2AFV",-3.12254262208673,4743.70992006588,-2.22366424632148,0.0308242077229754,0.455212454071297,-4.58311124138838,3,1,24,28,4
"H3F3A",-3.61159836768606,5809.07052266416,-2.51214945885575,0.0153511937571981,0.376192599968902,-4.57934769850017,4,0,16,20,4
"HFM1",-2.43634636307114,152.013677562717,-2.1498189009988,0.0365448764223973,0.464572726804363,-4.58402891410192,0,1,3,4,1
"HMGA1",-4.07922681056118,20548.3806510013,-3.06731964478313,0.00351578280299574,0.248075094639613,-4.57146637691804,1,0,1,2,1
"HMGB2",-3.84451399955841,12235.3225973693,-2.69091593759002,0.00972552931231405,0.33012768943466,-4.57688996597901,2,1,8,11,3
"HMMR",-2.88625288034508,960.097237994681,-2.15825539528989,0.03584720648483,0.464572726804363,-4.58392509098107,1,1,23,25,2
"HOXB9",-2.21037298340073,53.8953855995794,-2.05017653835516,0.0457304349639801,0.48272563818177,-4.58523460392018,2,2,28,32,4
"HOXC11",-0.781421133059411,1.03949855220543,-2.12542620750519,0.0386295797430603,0.464572726804363,-4.58432759564774,1,0,10,11,1
"HOXD13",-1.10827916209524,2.01279234925698,-2.19003731650273,0.0333230012428972,0.463665122451405,-4.58353159740499,1,0,11,12,1
"HSP90B1",-4.33723223904602,57930.4891532985,-2.62305414168439,0.0115900687306192,0.349698953315028,-4.57783313269688,1,0,15,16,1
"HSPA1A",-3.76493100303901,8592.56113527528,-2.92823952017947,0.0051642087508766,0.272287493885052,-4.57350468062787,1,0,21,22,1
"HSPA4L",-3.13934050289375,631.556554626803,-3.81359819585745,0.000384731688969038,0.128909937203916,-4.56009236593707,1,1,5,7,2
"HTRA4",-2.26844713121044,166.313000508194,-2.16219622467056,0.0355253440736167,0.464572726804363,-4.58387650242678,2,0,11,13,2
"HYAL2",-2.35980360450277,475.917838645478,-3.24740622103655,0.0021074372065861,0.222384716918403,-4.56877854378795,1,0,4,5,1
"ID4",-0.840833754528374,1.90518280279749,-2.86604876629437,0.00611354685854041,0.293353211548042,-4.57440389755341,0,2,4,6,2
"IER3",-3.33545526621841,1615.4847088531,-2.95633728690571,0.00478199268628878,0.264205095917455,-4.57309583757396,0,1,25,26,1
"IER5",-3.64022306839168,4742.61490143969,-2.67821337424741,0.0100520819605159,0.333810663064138,-4.57706741533995,2,0,9,11,2
"IFT122",-3.45912351823302,8887.4730194533,-2.1054556232754,0.0404131814834656,0.467191670638572,-4.58457044648928,2,0,30,32,2
"IGF1R",-4.04065435296445,14094.2569881194,-2.77072908479391,0.00788708231979912,0.319034893028642,-4.57576587833975,3,4,49,56,7
"IGFBP2",-3.12716222527959,840.369215045351,-2.91452562713346,0.00536092248060627,0.278844068850402,-4.57370365518639,0,1,2,3,1
"IL1A",-1.50946779762072,23.3349901448658,-2.6167767362369,0.0117781128699669,0.352562704266128,-4.57791976668618,3,1,22,26,4
"IL8",-4.56759293630169,18640.8051486988,-2.67517533835208,0.0101316598573126,0.333810663064138,-4.57710979457228,6,1,24,31,7
"INSM1",-0.930045755117473,0.197956225665028,-2.15102901884944,0.0364440766435525,0.464572726804363,-4.58401403822655,1,0,3,4,1
"IQCE",-2.68019839349044,1370.61297167569,-2.18415754149971,0.0337778218653455,0.464572726804363,-4.5836046757879,3,0,10,13,3
"ITGB1BP1",-2.95565607511997,2386.18900605423,-2.77881384421183,0.00771996119485675,0.315058969619404,-4.57565116001338,1,0,5,6,1
"JAG1",-3.87030253022735,9793.20953968752,-2.23625441548673,0.0299321899828592,0.451487685964089,-4.5829528109422,1,2,24,27,3
"JUN",-4.7138860676666,28529.7294162812,-2.37833049584894,0.0213443457680078,0.4090277575586,-4.58112704223898,1,1,32,34,2
"KBTBD11",-2.00571318037829,90.7643259796003,-3.05915467631341,0.00359699727608097,0.248075094639613,-4.57158701132214,1,0,3,4,1
"KCNK18",-1.15593973542926,3.25797067639656,-3.14991894961252,0.00278548898792537,0.234274284352881,-4.57023975861042,0,5,14,19,5
"KIAA0196",-3.40312967952312,12092.5194871128,-2.30957749254097,0.0251778134587701,0.431185333571461,-4.58201909959616,2,1,45,48,3
"KIAA1024",-2.24750742949129,140.047255457978,-2.32523291497894,0.0242545432088194,0.42556070998312,-4.58181735304123,1,1,3,5,2
"KIF14",-3.01169758513855,1458.969038936,-2.28588979202814,0.0266344434493384,0.433917827187114,-4.58232277615067,0,1,8,9,1
"KIF1C",-3.31825942603402,2881.34037115938,-2.04261985442718,0.0465025974310239,0.483212183981998,-4.5853244597665,1,0,6,7,1
"KIF20A",-3.13848771461276,1640.04345016932,-2.30014496955748,0.0257491126246912,0.433917827187114,-4.58214025380346,0,1,24,25,1
"KL",-2.47130354032813,151.936160950639,-3.93100484053688,0.000266263031651653,0.118548040376503,-4.55826710803946,1,1,2,4,2
"KLHL21",-2.51503680982953,819.263915028854,-2.51810528266642,0.0151239548488539,0.374981511234975,-4.5792672491257,3,0,9,12,3
"KRT23",-3.07977928217912,518.786560421971,-2.08689248541051,0.0421352098549928,0.471874074038003,-4.58479480613014,0,2,28,30,2
"LEKR1",-1.32798539615656,22.5345016591084,-2.64707175249703,0.0108956823117832,0.342369578934033,-4.57750069952801,1,1,23,25,2
"LETM2",-2.75000357626381,455.450502530494,-2.29821516110128,0.0258674094795165,0.433917827187114,-4.5821650035844,3,0,47,50,3
"LGR4",-2.92874899810012,378.35549794162,-3.59545340153087,0.000752268816491936,0.168728130362674,-4.56346902275337,1,0,12,13,1
"LIF",-2.80656143846463,171.346564229459,-2.19284612205659,0.033107643309511,0.463665122451405,-4.58349664275947,3,0,10,13,3
"LINGO1",-1.42359122524629,6.21258217446345,-2.43742437103106,0.0184773310723464,0.390732264492599,-4.58034809338012,1,0,5,6,1
"LIPM",-1.50597160154109,13.2413895194914,-3.40762471694662,0.00132006757349214,0.204292068583016,-4.56634992472976,1,0,4,5,1
"LONRF1",-2.66291472838773,1424.59163886273,-2.21745377822865,0.0312728253870268,0.456765653204199,-4.5831891831372,1,2,42,45,3
"LPCAT2",-3.64056149294291,9702.26951602112,-2.01271159879188,0.0496707015874037,0.49441325348843,-4.58567785086941,1,0,8,9,1
"LPO",-3.20315183627215,794.191668243678,-3.21202018400425,0.00233318907904305,0.2265683218339,-4.5693105216494,1,0,1,2,1
"LRRC20",-1.9852680632025,161.357821452029,-2.76138919682853,0.0080843033544481,0.319598675777954,-4.57589821518371,0,1,12,13,1
"LRRC36",-1.27450232752451,16.2692971374034,-2.52015082469847,0.0150466163187015,0.374981511234975,-4.5792395947589,2,0,7,9,2
"LRRIQ1",-0.944218586501914,1.42831456970926,-2.20243184912078,0.0323819005564928,0.460754522027795,-4.5833771350843,0,2,2,4,2
"LSMD1",-2.41028926602071,635.667247039097,-2.84122842529774,0.00653580870313556,0.297556676752446,-4.57476049278627,4,0,22,26,4
"LUM",-2.14380440825379,41.2560106012335,-3.08226926838199,0.00337152230473307,0.243194459578211,-4.5712452059625,0,1,1,2,1
"LYPD6",-1.11265534034617,3.19524162684237,-3.71521600193077,0.000521743446180997,0.140762316246286,-4.56161827929414,1,0,9,10,1
"LYST",-4.84510487931226,82095.4548031827,-3.0000357448876,0.0042396283656293,0.256633654124525,-4.57245695452001,1,0,6,7,1
"MANSC1",-3.11827508491366,1048.07695902234,-2.53469821496004,0.0145068807219626,0.37368842690551,-4.57904257424634,2,0,21,23,2
"MARCKS",-3.27741292268835,806.044640270029,-5.06363059397742,6.24811210284682e-06,0.0358002630878052,-4.54085517494928,3,3,27,33,6
"MCM4",-3.8478570497147,9879.15694044453,-3.04117612866592,0.00378206418442646,0.254267318340697,-4.5718522288107,0,1,20,21,1
"MCTP1",-3.7105123900837,7321.91078746464,-2.35777346082874,0.0224316790379288,0.414956100030217,-4.58139539801499,2,1,14,17,3
"MED30",-2.53465043159025,702.395692002202,-3.45232358996616,0.00115625269451258,0.198512342775242,-4.56566723680959,1,7,14,22,8
"MICALL2",-3.25476457395797,2013.05426300538,-2.8016078573841,0.00726623513855244,0.308688688687706,-4.57532690934367,1,0,0,1,1
"MLC1",-3.85768146746002,12772.2809984419,-2.12336040866836,0.0388108264578289,0.464572726804363,-4.58435278728845,3,0,27,30,3
"MOGAT1",-0.79405516484392,3.07040048616811,-2.81762812411245,0.00696224178788245,0.305134200214072,-4.57509830660418,4,2,18,24,6
"MS4A2",-3.13023748952514,686.775875772734,-2.31324717172008,0.024958625838651,0.430008844736048,-4.58197188366946,1,0,8,9,1
"MS4A6E",-1.10049157669192,6.53708881688808,-3.17687155490917,0.00257988235004385,0.229968509715188,-4.56983716496651,0,1,10,11,1
"MSRA",-3.025088669567,1698.90286023945,-2.74100487404373,0.00853063867401603,0.325576970243062,-4.57618632085324,0,1,6,7,1
"MXD1",-3.55199658298642,4174.9562824774,-2.27793140456676,0.0271404072067375,0.437636621104621,-4.58242437138801,1,1,29,31,2
"MXD3",-2.54384859274443,618.359219697593,-2.08286026383125,0.0425176144253443,0.473039255756237,-4.58484336403169,4,0,26,30,4
"MYBPH",-2.42638403722212,76.664774235982,-2.14308988725527,0.0371098646269521,0.464572726804363,-4.58411153307509,1,0,12,13,1
"NAALAD2",-2.37763793276279,95.5719054488169,-2.9915055030615,0.00434076349657654,0.256633654124525,-4.57258195280012,1,0,0,1,1
"NBN",-3.8481159018476,11422.2715005649,-2.33652071807456,0.0236077426981162,0.42060655815666,-4.58167138105105,2,0,30,32,2
"NCAPD2",-3.78440822746909,15053.8087907168,-2.83662060625614,0.00661711625762152,0.298785779261742,-4.57482654582179,3,0,12,15,3
"NCAPH",-3.09105112479643,1695.04587534488,-2.22023904808738,0.031070920032631,0.455791836723798,-4.58315424494192,3,1,48,52,4
"NCR2",-2.668856540521,141.291871441708,-2.26840645004375,0.0277571953199281,0.441819244610874,-4.58254567728378,3,0,9,12,3
"NDUFB9",-3.54472946135386,7778.73673670869,-2.2563289731396,0.028557167695585,0.445144148332568,-4.58269903716434,0,1,26,27,1
"NES",-1.32917539959288,11.0306877640982,-2.13258427939491,0.0380072762830042,0.464572726804363,-4.58424018022525,1,0,9,10,1
"NFAM1",-3.57016206617223,3657.71771312147,-2.1485239955765,0.0366530099120294,0.464572726804363,-4.58404482618519,4,0,14,18,4
"NOV",-2.6544134957718,219.264771506308,-2.45145819473121,0.0178496625120266,0.388215875418747,-4.5801615015245,0,2,4,6,2
"NPPB",-0.769066364742286,4.48594048547887,-2.41252208886019,0.0196402769181989,0.39882959696043,-4.58067768764463,1,0,7,8,1
"NPPC",-1.1342879063298,4.5598406880426,-2.2522529297537,0.0288317350899185,0.446457762731871,-4.58275067960192,1,0,29,30,1
"NT5C2",-3.50124020591188,9925.84715768994,-2.2038487557841,0.032275825776507,0.460464164185639,-4.58335944182452,2,0,3,5,2
"NUF2",-2.81926608424779,823.181706248515,-2.29824320924723,0.0258656866706534,0.433917827187114,-4.582164643958,0,1,4,5,1
"OCLN",-3.20548301513052,1673.23631877477,-2.30786278935286,0.0252808191147607,0.431185333571461,-4.58204114621211,1,0,10,11,1
"ONECUT2",-1.0332823031069,4.39793412469372,-2.15327278783265,0.0362578223947811,0.464572726804363,-4.58398644125795,1,0,11,12,1
"OR14I1",-0.763890923184117,1.11065534650543,-2.03906622289233,0.0468696114917093,0.483212183981998,-4.58536663695615,1,0,4,5,1
"OR4D10",-0.877334329659646,0.13762107131916,-2.52364175709679,0.0149154588484957,0.374343483042678,-4.57919237161344,1,0,0,1,1
"OSCP1",-1.74818559099398,73.5348350572027,-2.4955032249503,0.0160028374386818,0.382558049425978,-4.57957199912811,1,0,19,20,1
"OTX1",-2.2804257704789,45.5542723347833,-2.39659368338831,0.0204182851134298,0.402437813042116,-4.58088748634291,4,0,5,9,4
"P2RY13",-3.34870860012464,2153.9689175897,-2.25913036320716,0.0283698109592687,0.445144148332568,-4.58266351048806,0,1,9,10,1
"P2RY2",-2.69840901157241,267.156793072702,-4.24917921762287,9.59988911193097e-05,0.0857106810662439,-4.55331586787746,1,0,2,3,1
"PADI2",-3.67560979703969,4441.33150511575,-2.03864036771409,0.0469137613432112,0.483212183981998,-4.58537168794149,4,0,35,39,4
"PADI4",-4.14958202874554,14185.7382600681,-2.51710391042963,0.0151619464706582,0.374981511234975,-4.57928078257424,1,0,15,16,1
"PAK6",-2.09376539639615,205.926839660622,-2.20890469562019,0.0318998170120816,0.458597706241936,-4.58329624780236,7,0,26,33,7
"PCBD1",-2.76023924230224,1073.86172312069,-2.58316641984458,0.0128332112460092,0.3657025108705,-4.57838180465563,2,0,16,18,2
"PDIA6",-3.48008917756851,8508.21893779387,-2.53168019200213,0.0146173868181553,0.374343483042678,-4.57908349861166,0,1,28,29,1
"PERP",-2.12185233597667,80.5616090191462,-2.1747580808378,0.0345162713523255,0.464572726804363,-4.58372123584601,0,1,15,16,1
"PGM1",-3.69032022457269,6879.31967877223,-4.56339804803312,3.40675147806433e-05,0.054439888619468,-4.54845316063517,0,2,5,7,2
"PHLDA1",-3.64035973124485,2066.85207799704,-2.23474900248453,0.0300376313470417,0.451815994361757,-4.58297178426769,4,5,51,60,9
"PHPT1",-2.72406924034305,1387.67259699703,-3.00520929591854,0.00417936790501356,0.256633654124525,-4.57238107778006,1,0,7,8,1
"PIF1",-2.36608908161921,267.250419884812,-2.20801889879722,0.0319654124693523,0.458597706241936,-4.58330732602873,1,0,0,1,1
"PIK3CB",-3.43982625545439,6760.89835619052,-2.81370509106113,0.00703557540284197,0.305856947475634,-4.57515434031641,1,0,8,9,1
"PLEKHA2",-3.44966159625411,9898.85135700979,-2.1990209477256,0.0326385165381863,0.460942102676021,-4.58341969796051,2,0,23,25,2
"PLK1",-3.15025601155103,1890.09989319081,-2.12923828828754,0.0382970655074723,0.464572726804363,-4.58428106616087,1,0,1,2,1
"PLK2",-3.07985855526248,1373.38750560274,-3.28001011306165,0.00191784945133041,0.216648016765782,-4.5682868879425,2,0,35,37,2
"PLS1",-2.77291271567732,428.449577821051,-4.91170833382368,1.05130006687426e-05,0.036399512648743,-4.54313835216542,0,2,21,23,2
"PLXNC1",-4.02470114563425,16677.5412982361,-2.39110520911163,0.0206927162656188,0.404683448314435,-4.580959590253,0,1,7,8,1
"PNLDC1",-2.87436302529898,151.742401711031,-2.10547307243953,0.0404115921645172,0.467191670638572,-4.58457023496732,0,1,4,5,1
"POLA2",-3.01943437641601,2866.31594209586,-2.53545956364227,0.0144791238337122,0.37368842690551,-4.57903224623004,2,0,5,7,2
"POLQ",-3.29504580791086,2357.45064315904,-2.67202629037917,0.0102147554757857,0.334311322902056,-4.57715369745483,1,0,16,17,1
"POM121L9P",-0.965417641601243,4.02929404556617,-2.08585883529189,0.0422329513218709,0.471874074038003,-4.58480725986454,1,0,3,4,1
"PPAP2B",-2.39302487147728,173.595993151357,-2.72638297037161,0.00886466903246825,0.326264962860334,-4.57639236596267,0,1,7,8,1
"PPL",-2.66544207348968,628.595059870585,-2.44684018406338,0.0180540469288524,0.388646375659039,-4.58022296882689,1,1,24,26,2
"PPP1R3C",-1.06776102770839,4.42853139500151,-2.54653303814831,0.0140808330981494,0.373106156608361,-4.5788818422883,3,0,16,19,3
"PRC1",-3.34882466231161,3504.39324944917,-2.08271387026069,0.0425315547174365,0.473039255756237,-4.58484512577978,0,1,5,6,1
"PRG2",-4.68567884879456,11843.5377976356,-3.15282009224752,0.00276263845331121,0.233296956215801,-4.57019647728576,2,0,23,25,2
"PRIM2",-2.65228182862562,1867.40686116433,-2.05343595669787,0.0454008310006618,0.481472329139932,-4.58519577636921,1,1,34,36,2
"PRKAA2",-0.906594251887428,1.77054121313698,-2.10659361863781,0.0403096439953931,0.467191670638572,-4.58455664904755,0,1,7,8,1
"PRKDC",-4.01676298647626,40235.5859359339,-2.08418526943459,0.0423916221684856,0.472955724451192,-4.58482741468047,0,1,20,21,1
"PROX1",-1.40859093367159,5.17321925720842,-2.05031011813642,0.0457168861723614,0.48272563818177,-4.58523301349118,1,0,3,4,1
"PSTPIP1",-3.47506432225221,5377.79509536018,-2.13903426791091,0.0374540768327861,0.464572726804363,-4.58416124580541,1,1,15,17,2
"PSTPIP2",-3.68276012020881,5862.88010656283,-3.21633219222404,0.00230450601106552,0.225819848461675,-4.5692457905184,2,0,4,6,2
"PTPDC1",-2.32523469885353,328.759411662171,-2.45264522111141,0.0177974656611602,0.388215875418747,-4.5801456912436,1,0,3,4,1
"PTPRS",-3.40790815513,974.060713204931,-3.82009580116493,0.000377021877611068,0.128397581729382,-4.55999145277068,1,0,8,9,1
"RAB11FIP1",-3.75778248557093,7395.21364014918,-3.4018051184533,0.00134295319613355,0.204292068583016,-4.56643865713597,1,0,11,12,1
"RAB26",-1.71685536640904,86.05389824987,-2.57723178328588,0.013028230538679,0.366138389084857,-4.57846306575397,2,1,10,13,3
"RAB2A",-3.28096811377972,5191.74464588283,-2.54356622679046,0.0141865543828361,0.37368842690551,-4.57892217294055,0,1,28,29,1
"RAB32",-3.13422386787012,2655.81639032313,-2.36006354693112,0.0223081384424355,0.413407018736088,-4.58136557086774,2,2,14,18,4
"RAD51",-3.13993490369764,1756.52653536294,-2.62744087628695,0.0114602951320536,0.349698953315028,-4.57777252913452,2,0,5,7,2
"RGS22",-1.40850878210918,8.22852479635847,-3.39598132028362,0.00136623264909644,0.204292068583016,-4.5665274176607,1,0,18,19,1
"RNASEH2C",-3.63855545927738,3871.46145720857,-4.50650500593754,4.11739039931714e-05,0.0610961915395817,-4.54932988287196,0,1,5,6,1
"ROMO1",-2.88854429464192,2334.91536189559,-2.03944507162438,0.0468303652512175,0.483212183981998,-4.58536214289557,2,0,15,17,2
"RPA3",-2.65894315811577,1159.18619290442,-2.53101320093954,0.014641911927816,0.374343483042678,-4.57909253946878,3,2,14,19,5
"RPL39L",-1.68800536047051,35.574663193046,-3.91196603288471,0.000282730482104059,0.119866184392443,-4.55856331370172,1,0,6,7,1
"RPN1",-3.73432190256144,19366.1406633356,-2.95329142981408,0.004822113234221,0.265715067182247,-4.57314023217689,2,0,14,16,2
"RPP25",-1.61325868001246,38.013913119873,-2.6433178612623,0.0110016389535062,0.343681274616748,-4.57755275842825,3,0,7,10,3
"RPS27L",-2.61555131858375,1812.83757249683,-2.23703986748827,0.0298773060619151,0.451487685964089,-4.58294290837969,1,0,1,2,1
"RRAD",-1.70611457049741,23.4448011845023,-3.3004400870785,0.00180740231498198,0.212129806166303,-4.56797810701854,1,0,3,4,1
"RRAGD",-3.033238409872,1863.88153351929,-2.8001837468123,0.00729384428222948,0.308884659369283,-4.57534720263961,1,0,14,15,1
"RRBP1",-3.75281969852602,11662.5057320002,-2.86055743133506,0.00620472755560268,0.29656491884048,-4.57448290661792,3,2,33,38,5
"RRM1",-3.4153632205436,6741.3497034726,-2.01970019288044,0.0489141632572605,0.491840671590673,-4.58559559756792,2,1,32,35,3
"RTL1",-1.96193782419139,23.908187460218,-2.31998988911522,0.02456032325093,0.426959125702778,-4.58188501009887,0,1,12,13,1
"S100P",-3.19229221889958,1473.77277835139,-2.04666918653932,0.046087430171503,0.483010475762395,-4.58527633780118,1,0,6,7,1
"SATB2",-3.31672218177757,618.714014949759,-2.83724792446324,0.00660599201751181,0.298785779261742,-4.574817555969,0,1,8,9,1
"SCLT1",-3.29783433306288,4616.36604325439,-2.41122474588668,0.0197026315084652,0.39882959696043,-4.58069480542071,0,1,18,19,1
"SEMA3E",-1.18510499243594,3.4576205817697,-2.57665043309093,0.0130474789837036,0.366138389084857,-4.57847102074681,0,1,2,3,1
"SERPINB10",-3.59619678159041,1883.52847013253,-3.8790058276076,0.000313591010166595,0.12474301824953,-4.55907593624013,0,1,4,5,1
"SESTD1",-3.19392481440758,2445.01458112987,-2.63358646643361,0.0112807240805062,0.34824085028667,-4.5776875404756,3,0,24,27,3
"SFT2D1",-2.63334273309544,1584.24587321511,-2.02920947764714,0.0479007781877707,0.487073306937224,-4.58548335967327,2,0,13,15,2
"SGOL1",-2.49096897773192,515.322610399036,-2.13740409020133,0.0375932220026674,0.464572726804363,-4.58418121062742,0,3,20,23,3
"SGPP1",-2.61654127713714,537.483972873388,-2.72480537931146,0.00890141917065167,0.326264962860334,-4.57641456553222,0,1,3,4,1
"SHE",-2.0203089175926,27.2880769365803,-2.38419827441614,0.0210427803898161,0.406536456562991,-4.58105019201891,1,0,11,12,1
"SIGLEC8",-2.61858468300634,149.842268599932,-2.48787834343849,0.0163096143937704,0.38568553990827,-4.5796744676952,2,0,22,24,2
"SIM2",-2.10417810563779,25.1139687839605,-2.0967633971921,0.0412117166985797,0.469628196761544,-4.58467566932127,2,0,5,7,2
"SLAMF9",-0.949737429042532,6.29809444869848,-2.11743303903397,0.0393350154372023,0.465148123731316,-4.5844249790597,0,1,4,5,1
"SLC12A8",-1.95087474464248,44.2360360855906,-2.14220336571298,0.037184868280093,0.464572726804363,-4.5841224051176,1,0,30,31,1
"SLC16A14",-1.58634440205559,33.7723653992536,-2.06391566240448,0.0443550341730057,0.480788804450888,-4.585070652595,1,0,7,8,1
"SLC22A15",-3.56428492286059,3212.15669456145,-3.46579491536516,0.00111080677742546,0.197229914480654,-4.56546110269882,2,0,5,7,2
"SLC26A8",-3.02963298265746,754.355243797937,-3.49551605423476,0.00101648756522022,0.185232567367411,-4.56500572109301,1,0,7,8,1
"SLC29A1",-3.56923750555843,6911.4874204112,-2.17447644033561,0.0345386155661445,0.464572726804363,-4.58372472336795,1,0,17,18,1
"SLC36A4",-3.13471719937219,2111.42494332833,-2.02363676551776,0.0484924218463436,0.489655807102704,-4.58554917851086,1,0,21,22,1
"SLC45A4",-3.11205241392766,1193.76004224813,-2.56940600771838,0.0132895251050128,0.367363507444565,-4.57857007204819,2,0,34,36,2
"SLC5A9",-1.62857485208943,36.7263222707628,-2.60295051517094,0.0122021612854936,0.359775510163771,-4.57811020695574,1,1,11,13,2
"SLC7A11",-2.69507951535874,328.208595484132,-3.15813587126682,0.0027212265238493,0.232583648781947,-4.5701171390334,1,4,21,26,5
"SLIT1",-1.98879791336727,156.650448773758,-2.25113640133878,0.0289073534775109,0.446457762731871,-4.58276481555345,0,2,14,16,2
"SNX10",-2.95323210729818,1512.46507044396,-2.53476202927056,0.0145045523546167,0.37368842690551,-4.57904170864218,1,0,4,5,1
"SOX15",-1.34576068029426,50.0138265326626,-2.110728740858,0.0399353704899032,0.467191670638572,-4.58450647151781,4,0,14,18,4
"SPATA5L1",-2.44887432515594,767.475139798373,-2.88331820145623,0.00583484095287469,0.287770329334909,-4.57415500675106,2,1,31,34,3
"SPATS2L",-2.97590627469526,844.017463422306,-2.342453792405,0.0232739954787668,0.418631053478362,-4.58159448560243,2,0,27,29,2
"SPC25",-2.29373045312121,210.748817847369,-2.10970696959267,0.0400275681002359,0.467191670638572,-4.58451887628232,1,0,14,15,1
"SPCS2",-2.88382157662292,2234.97661819178,-2.70535796655,0.00936611496130397,0.328599128608361,-4.57668772276,1,0,2,3,1
"SPDYE4",-1.39733369602013,21.2517691801345,-2.57534983929968,0.0130906354217178,0.366138389084857,-4.57848881421739,3,2,32,37,5
"SPOPL",-3.10759883246863,3160.3713286133,-2.41414698677519,0.0195624295814621,0.39882959696043,-4.58065624047327,8,5,44,57,13
"SPRED1",-2.7363346647989,547.60283183089,-2.19891032315804,0.0326468692477311,0.460942102676021,-4.58342107767965,0,3,24,27,3
"SRGN",-5.3525917904568,187468.344038778,-2.91304860759971,0.00538252005434732,0.278844068850402,-4.5737250624784,1,0,9,10,1
"SRP9",-2.74213267212233,1924.54725281791,-2.09219180221944,0.041637201625396,0.471117225798462,-4.58473089310102,1,1,11,13,2
"SSR1",-3.14575720113978,8803.02293359669,-2.12607284423189,0.0385729984309568,0.464572726804363,-4.58431970681954,1,0,5,6,1
"ST14",-3.71409513104909,3677.64702504901,-2.7152867840316,0.00912614801558525,0.32771882106317,-4.57654837985437,1,0,7,8,1
"STAU2",-3.11912225878305,3741.14094870926,-2.59954864228744,0.0123086119411084,0.360590864358916,-4.57815698439172,0,1,19,20,1
"STK32C",-2.58047327423474,598.535588732829,-2.18528782543495,0.0336899680461969,0.464572726804363,-4.58359063758184,1,0,3,4,1
"STK33",-2.52217955969419,205.569065075188,-3.76080696110181,0.00045325274565488,0.134512464831921,-4.56091167596059,1,0,11,12,1
"STOX2",-2.4056065077527,104.495466538379,-2.94138914844947,0.00498192124195475,0.268120289845513,-4.57331353834625,0,3,14,17,3
"STT3A",-3.43948798283213,13721.0128198057,-2.18744725060696,0.03352268185448,0.464572726804363,-4.58356380434708,1,0,13,14,1
"STX10",-2.92022783377076,3050.83458722507,-2.14056854620019,0.0373235301662956,0.464572726804363,-4.58414244630812,1,1,7,9,2
"TACSTD2",-2.85864211350462,321.317209341728,-2.58537218351498,0.0127614084979853,0.3657025108705,-4.57835157699984,1,1,6,8,2
"TAS2R38",-1.00738022887442,5.06723301433766,-2.75137306479205,0.00830085322978121,0.320778150247046,-4.576039904168,1,1,11,13,2
"TCEB1",-2.3915420134987,883.947321535564,-2.13822779547186,0.0375228573874546,0.464572726804363,-4.58417112394454,1,1,24,26,2
"TDRD10",-1.39112614757904,8.42822352523593,-2.11301351654565,0.0397298797458987,0.467191670638572,-4.58447871882091,1,0,11,12,1
"TIMELESS",-3.37709712671479,4196.51644017924,-2.41004233139659,0.0197596174149227,0.39882959696043,-4.58071040215358,2,0,17,19,2
"TM6SF1",-3.13080341491669,1597.90027196377,-2.98866645940861,0.00437492036374845,0.256633654124525,-4.57262352467402,2,1,10,13,3
"TMEM106C",-3.29408394695103,3110.34546684461,-2.84571268131035,0.00645757157316959,0.297556676752446,-4.57469616629982,1,0,7,8,1
"TMIE",-2.05670924139655,82.1429507995095,-2.21121956398444,0.0317289565419541,0.458597706241936,-4.58326728349813,1,0,4,5,1
"TNFAIP3",-4.33096448497349,22543.2511524742,-2.1191417236632,0.039183275318204,0.464918373307531,-4.58440418206805,2,0,27,29,2
"TNFRSF12A",-1.30327768696499,26.0315773929012,-2.43716827648686,0.018488967747965,0.390732264492599,-4.58035149273986,1,0,0,1,1
"TNFRSF19",-1.86730481490648,52.7805544230548,-2.13912150562755,0.0374466433374583,0.464572726804363,-4.58416017712052,0,1,23,24,1
"TNNI2",-2.92224170535197,589.187661298785,-3.2368458931573,0.00217255134091031,0.222384716918403,-4.56893748455072,0,1,9,10,1
"TOP2A",-3.93711931611957,10387.6592063081,-2.40785535613516,0.0198654087247329,0.399114120742362,-4.58073923800004,2,1,16,19,3
"TOR1AIP1",-3.41205661981481,7574.02802561216,-2.32033485290693,0.0245400992016146,0.426959125702778,-4.5818805614517,3,0,5,8,3
"TOR3A",-2.7445709203466,1691.23435665821,-2.1607568756847,0.0356426053476896,0.464572726804363,-4.58389425561952,1,0,12,13,1
"TRAPPC9",-3.53122650255702,11720.9626829472,-2.9782615369916,0.00450226138346801,0.256633654124525,-4.572775753174,1,0,3,4,1
"TRIB1",-4.09486679059491,11568.3851410649,-2.33777660501824,0.0235367414940735,0.420558774226688,-4.58165511390329,1,1,49,51,2
"TRIM63",-1.53450773076591,6.09191244933162,-2.09945424418486,0.0409630547005685,0.46936504440637,-4.58464312671911,1,0,7,8,1
"TROAP",-3.11427147824645,1421.80180731679,-2.40013747019982,0.0202428338720906,0.40126396074314,-4.58084087943802,1,0,13,14,1
"TSPAN11",-1.22544870526906,16.4590731729514,-2.01319861245558,0.0496176547299875,0.49441325348843,-4.58567212530535,0,1,5,6,1
"TSPAN12",-1.92780317621216,29.253364215677,-3.23141376058514,0.00220678130288173,0.222384716918403,-4.56901918257777,0,1,4,5,1
"TTK",-3.0388041581646,1179.06816250953,-3.12682368643845,0.00297384514863896,0.237882121071546,-4.57058384141827,5,1,33,39,6
"TUBA4B",-1.57091206356341,49.4958789300427,-2.01578577237344,0.0493366747102442,0.493322749931957,-4.58564169329641,5,0,21,26,5
"TUFT1",-2.31691908464704,276.174168537906,-2.22158414738789,0.0309738268226496,0.455250566273094,-4.58313736215915,3,1,42,46,4
"TULP2",-2.4971937718195,370.435252804012,-2.07484274654315,0.0432869702466685,0.476946419655463,-4.58493972621095,2,0,10,12,2
"UBE2C",-3.01899573726158,1155.58387858485,-2.37527293783331,0.021503016763201,0.409261718693599,-4.58116704303702,3,0,13,16,3
"UBE2W",-2.85259155811617,1223.01561689152,-4.11235025240665,0.000149441493813806,0.0880830242555639,-4.55544419046156,1,0,32,33,1
"UBN1",-3.71729174333671,9748.12103450115,-2.1855058133872,0.0336730476400945,0.464572726804363,-4.58358792961714,2,1,41,44,3
"UGT3A2",-3.15290052743312,468.603690302463,-2.78506268762557,0.00759303819830185,0.313465197895884,-4.57556238794755,1,0,1,2,1
"UNC13B",-2.95909731922442,803.614313082178,-2.23950710675736,0.0297054858539152,0.451487685964089,-4.58291178849925,0,1,8,9,1
"UPB1",-2.60839021396937,419.79820265129,-2.57815776610683,0.0129976247947179,0.366138389084857,-4.57845039299126,5,0,16,21,5
"USP54",-2.89351722156294,1448.36121668408,-2.06673415724581,0.0440773698431012,0.479720356462017,-4.58503692682374,3,0,12,15,3
"VPS37C",-2.18965623776508,364.463555580108,-2.5235678318915,0.0149182254909163,0.374343483042678,-4.57919337199354,0,1,8,9,1
"VRK1",-3.73508263229958,10026.8919044743,-2.67578264386743,0.0101157060922046,0.333810663064138,-4.57710132481981,1,0,18,19,1
"WDR17",-2.21948700465345,160.234574003244,-2.08568674615836,0.0422492431746744,0.471874074038003,-4.5848093328435,1,2,7,10,3
"WDR25",-1.85354507499257,324.711670153905,-2.66489639715808,0.0104052114174737,0.334701552479898,-4.57725300574308,1,0,18,19,1
"WDR76",-3.18939288463679,2612.2142529106,-2.56499344777818,0.0134389525833255,0.367363507444565,-4.5786303321232,0,1,0,1,1
"WDR87",-1.91249128894613,14.2180956841069,-2.15986575902628,0.0357153735400422,0.464572726804363,-4.58390524294962,1,0,10,11,1
"WISP1",-0.909227518625934,4.43758768399767,-4.24662845063892,9.67990682255171e-05,0.0857106810662439,-4.55335550670101,1,0,37,38,1
"WNK2",-1.80308033275572,28.2257362581204,-3.13608110604749,0.00289695027674415,0.236934035626311,-4.57044602130526,0,1,3,4,1
"WNT7B",-0.953322382476148,2.62409761099091,-2.44932240183352,0.0179439275367337,0.388215875418747,-4.58018993778511,1,0,9,10,1
"ZBBX",-0.995391859201585,5.30047301547098,-2.41795796283771,0.0193809381272686,0.397805478505859,-4.58060590650147,1,0,20,21,1
"ZFHX4",-1.3820325977129,13.4002082187281,-2.35640435407052,0.0225058291213294,0.415335982314148,-4.58141322170028,0,1,6,7,1
"ZNF165",-2.15040594513429,151.398460592577,-2.4785164052599,0.0166935591084132,0.386160048109762,-4.57980004316421,1,0,15,16,1
"ZNF438",-3.25791520300211,2740.07989823478,-2.48980693408009,0.0162315209109244,0.385364131889765,-4.57964856624415,2,0,5,7,2
"ZP4",-1.00570846000252,1.60636743119662,-2.18711914036793,0.0335480525928987,0.464572726804363,-4.58356788257875,1,0,1,2,1
