"","ID","logFC","AveExpr","t","P.Value","adj.P.Val","B","nb_enhancer_hyper","nb_enhancer_hypo","nb_enhancer_unchanged","total_enhancers"
"1","ACAD11",917.833539098659,2353.80144272513,2.01759450478761,0.0491411216803849,0.694581450545649,-4.58299547949939,1,1,22,24
"2","ACADSB",683.7909613712,1690.13844765806,2.26747726131688,0.0278180820013224,0.655951005102692,-4.57908468112859,2,0,7,9
"3","ACAT2",519.285918496225,1694.56289991928,2.31145356949117,0.0250655957056653,0.649823788672128,-4.57836641745087,1,1,19,21
"4","ADORA3",312.941659032791,227.034802221949,2.04270097963019,0.0464943141747129,0.688028904094516,-4.58261638901053,4,0,7,11
"5","AMZ1",37.2277386872698,35.5676163925802,2.28415872142305,0.0267438323406648,0.655951005102692,-4.57881322192563,3,0,21,24
"6","ANAPC4",1141.40225714189,3697.21392162617,2.29131490859146,0.0262944196771381,0.655951005102692,-4.57869639273425,1,0,7,8
"7","ANGPT1",9322.10458387012,6341.36026847373,2.2804964978221,0.0269764566329357,0.655951005102692,-4.57887292296886,1,3,19,23
"8","ANKHD1",73.922512289939,198.883399035801,2.46262287320844,0.0173641860658129,0.615308093686932,-4.57583522942626,1,0,6,7
"9","ANKIB1",1749.29782510497,7019.55183739185,2.89181676009858,0.00570208738233568,0.565705210983799,-4.56819879512563,1,0,8,9
"10","ANKLE2",1523.57887046438,7211.58146992597,2.17941820297507,0.0341484593039432,0.670617873206242,-4.58049685692357,1,0,3,4
"11","ANKZF1",885.341248965356,3688.8475141938,2.07676980878352,0.0431010163739915,0.680681114376166,-4.58209684379716,3,0,7,10
"12","AP1B1",5140.60070983033,12946.8291123512,2.02022246120978,0.0488580955127331,0.694239450192557,-4.58295595106656,1,0,0,1
"13","AP4E1",476.768250173138,2647.3686669519,2.21231768280293,0.0316482455561372,0.667026402965753,-4.57997341756678,0,2,12,14
"14","AP4S1",156.344770467518,445.806014280944,2.17291196864663,0.0346630263460143,0.670617873206242,-4.58059977342868,3,0,11,14
"15","ARFGEF2",4355.26808044037,28242.253751379,2.01886925721736,0.0490036564963271,0.694250426272026,-4.58297630975336,8,1,22,31
"16","ARID5B",6078.44745719743,5341.986670602,2.21582305193925,0.0313916329957655,0.667026402965753,-4.57991735053628,3,1,16,20
"17","ARRB1",2741.12147613428,10258.8150435329,2.1932716336091,0.0330751845300707,0.670617873206242,-4.58027705945902,1,0,4,5
"18","ASH1L",8134.10232583272,27226.4385624085,3.49256759513337,0.00102549989160083,0.46438376626021,-4.55672933675141,4,0,30,34
"19","ATG10",242.101800978969,656.831430927158,2.11837119586233,0.0392517012385081,0.670617873206242,-4.58145457131589,0,1,9,10
"20","ATG16L1",1002.01228283695,4876.78864457609,2.2243737857392,0.0307733751957947,0.66487275757254,-4.57978034822218,3,1,30,34
"21","ATP6V0A4",13.841350364781,7.13985086656757,2.52315151726257,0.0149338564583989,0.607529672626876,-4.57479632604953,0,1,3,4
"22","ATP8B1",455.407997675412,986.858421972349,2.11966744076091,0.0391367545975422,0.670617873206242,-4.5814344222259,2,0,3,5
"23","ATP8B2",5874.11403949635,11819.3822138706,2.11425278761425,0.0396188709178269,0.670617873206242,-4.58151853425248,2,0,5,7
"24","B3GAT2",1.89142296164414,1.50671189721788,2.2349473766341,0.0300237749122914,0.66487275757254,-4.57961047319435,0,2,8,10
"25","BAALC",4379.07112558597,2434.68792656319,3.11404272703387,0.00308318281970394,0.547342786336625,-4.56403785482235,2,1,11,14
"26","BCL2",755.028081981961,1307.61943329263,2.32538753937713,0.0242456292574858,0.649071172185619,-4.57813708082029,4,0,35,39
"27","BDP1",8848.57604326456,16803.0668449637,2.05277942539741,0.0454671208954177,0.683949289993778,-4.5824633051064,0,1,12,13
"28","BGLAP",75.5762280477775,117.679090816001,2.63269968118021,0.0113065117894226,0.600315045199285,-4.57288199705918,2,0,13,15
"29","BIRC6",17623.452856044,57166.2012580866,3.7517593008391,0.000466122577460561,0.421010018441987,-4.55162219406918,3,2,25,30
"30","BMF",300.91488461075,514.304005804995,2.49872929833167,0.0158746651962121,0.615308093686932,-4.5752171736764,2,0,17,19
"31","BTAF1",5257.73559569842,18688.6924101669,2.69991389907297,0.00950017400226131,0.578758400947145,-4.57168706867033,3,1,9,13
"32","C12orf42",175.346293572107,100.27438392343,2.54840867466774,0.0140144061804625,0.607529672626876,-4.57435876772864,2,1,2,5
"33","C14orf178",23.948131072236,74.2133408888078,2.28757404519158,0.0265285019853345,0.655951005102692,-4.57875749266822,3,0,14,17
"34","C21orf49",44.3330495611577,67.7628958496518,2.5240202438925,0.0149013430127114,0.607529672626876,-4.57478131508041,2,0,7,9
"35","C22orf46",33.1892587544022,107.095268824139,2.13576774565894,0.0377334110607664,0.670617873206242,-4.58118347518634,1,0,2,3
"36","C2CD2",1193.60308764104,1851.16103419285,2.30463459480104,0.0254758169885871,0.651724305620289,-4.57847834471778,0,1,5,6
"37","C3orf49",35.9610459531838,60.3976215978249,2.30860354212204,0.0252363275355178,0.649909520802128,-4.57841322252735,1,0,8,9
"38","C5orf56",375.557336856737,1041.29905866578,2.22438111715374,0.030772849757314,0.66487275757254,-4.5797802306125,5,0,18,23
"39","C9orf91",316.607108137222,663.835633790317,2.65995476003145,0.0105391539048069,0.582674882490684,-4.57239925570104,1,1,18,20
"40","CA7",4.24514677469593,3.37806564605993,2.48799999887001,0.0163047217689325,0.615308093686932,-4.57540135354703,2,1,28,31
"41","CABP7",9.91150897716842,15.1769917192936,2.59680395742812,0.0123951533533483,0.607529672626876,-4.57351393028084,2,0,2,4
"42","CAMK1",359.542099147275,620.173107322248,2.51446450990818,0.0152625417663679,0.610637151314548,-4.57494627724664,4,0,16,20
"43","CASP8",6501.06875593165,15492.4946416719,2.39444934069103,0.0205251617513171,0.638155417236238,-4.57698830243098,1,0,13,14
"44","CCDC102B",151.535037107422,150.174618335801,2.84479796540851,0.00647348651934803,0.565705210983799,-4.56906329643999,2,3,21,26
"45","CCDC84",514.122457892176,1574.5470363215,2.79647392810019,0.00736625121829789,0.565705210983799,-4.56994535563319,1,0,4,5
"46","CCDC91",1277.62198980941,4438.56683649088,2.16350960668696,0.0354187016608247,0.670617873206242,-4.58074814804534,2,0,13,15
"47","CCND2",1714.76213272456,5197.88682189433,2.77740601709428,0.00774885492202609,0.565705210983799,-4.57029153831675,4,1,29,34
"48","CD244",2850.92950070594,5301.1586207343,2.73266651624454,0.00871970687641096,0.567261071437225,-4.57109950541316,1,0,9,10
"49","CD84",1882.28766953204,4479.42172719505,2.44888703725631,0.0179632433684822,0.617828506186838,-4.57606903399045,2,0,4,6
"50","CDKAL1",693.186973185592,2979.84471084979,2.13144275212796,0.0381059867385354,0.670617873206242,-4.5812510100455,2,0,22,24
"51","CDX2",6.06923933844735,4.19933554543207,2.26783278614926,0.0277947927136776,0.655951005102692,-4.5790789084869,2,0,8,10
"52","CERKL",539.376826029048,559.917825237859,2.18839944742156,0.0334492092657596,0.670617873206242,-4.58035446356703,1,0,5,6
"53","CES3",60.8591422200133,55.6816554518093,2.03402033589751,0.0473951249181093,0.689969393867416,-4.58274782646269,1,0,4,5
"54","CHAD",42.5540672964407,59.5410903535188,3.68169934313061,0.000578330467318967,0.46438376626021,-4.55300802332469,2,0,6,8
"55","CHD3",15772.8770435805,37066.230051495,2.68294792214249,0.00992924285598083,0.579323450778156,-4.57199008569078,4,0,17,21
"56","CHD4",10879.8932816463,48628.7763443195,2.31294558866159,0.0249766274932646,0.649823788672128,-4.57834190051503,8,1,27,36
"57","CHURC1",67.2517136281005,172.909025878516,2.72935673139057,0.00879580627794605,0.567261071437225,-4.57115903408317,0,1,6,7
"58","CIRBP",4882.20041455471,16436.1890020216,2.24164160436909,0.0295576016540588,0.663098938187276,-4.57950266130482,1,0,12,13
"59","CLDN7",36.6836524477214,54.0686315020334,2.27366686587679,0.027415088733858,0.655951005102692,-4.57898410063769,3,0,14,17
"60","CLEC9A",459.198064643265,216.518250726528,2.27167407074934,0.0275442655146268,0.655951005102692,-4.57901650191667,2,0,21,23
"61","CMYA5",33.6725702270273,60.9249517451326,2.46476528004606,0.0172723951301763,0.615308093686932,-4.57579869629133,1,0,4,5
"62","CNDP1",8.89510458956386,9.32354387474042,2.6459556192132,0.0109271236392963,0.590738210819406,-4.5726475191077,0,1,2,3
"63","CNDP2",1079.82114633964,3256.51388976114,2.71653171016191,0.00909649441461468,0.570908081477962,-4.57138937725841,0,2,17,19
"64","CNOT8",1151.02083327712,4468.24860417386,3.10755089336694,0.00314014604563085,0.548179781108701,-4.5641609995229,2,2,30,34
"65","COG1",1844.92758504254,7137.66874204225,3.33955962776949,0.00161252872998702,0.46438376626021,-4.5597106358895,3,0,19,22
"66","COMMD1",297.046988388202,1427.24973870676,2.09379575483035,0.0414875485785484,0.676520860832381,-4.58183501884738,2,0,8,10
"67","CUL9",1974.02454986499,8695.22508999565,2.82218081190903,0.00687805297707163,0.565705210983799,-4.56947695898835,1,0,1,2
"68","CYP20A1",512.568342827764,2030.76125635402,2.85383190976077,0.00631814664622459,0.565705210983799,-4.56889766635672,0,3,18,21
"69","CYP26C1",5.52734988680446,6.44525861429203,2.6969726632334,0.00957331495995498,0.579058558780744,-4.57173966631641,0,1,12,13
"70","CYP2R1",147.124920470682,623.548162996805,2.0295924478199,0.0478604162355187,0.692858736499418,-4.5828147225323,1,2,8,11
"71","DBN1",3836.01191842494,4562.38400721629,2.52444691005515,0.0148853979192654,0.607529672626876,-4.57477394157426,2,0,1,3
"72","DCAF17",2295.30295564141,5681.85557876618,2.34715454984783,0.023012624042157,0.645200031117091,-4.57777716292357,3,0,0,3
"73","DCTN1",4987.58597974114,22565.5279457316,2.1134152613885,0.0396939057464331,0.670617873206242,-4.58153153171686,1,0,11,12
"74","DDX19B",484.671639790938,2634.74149532405,2.53791328091364,0.0143900365285802,0.607529672626876,-4.57454087521716,1,0,16,17
"75","DDX5",18303.0314252345,87862.5013643751,2.01017143382299,0.0499482462089947,0.695201680966707,-4.58310694068028,2,1,8,11
"76","DEPDC5",1536.94688946178,7787.67330383551,2.03940871199068,0.0468341968241123,0.689414246850274,-4.58266628399957,2,0,13,15
"77","DHRS1",764.030306473291,2049.70617390779,3.09830074173603,0.00322302255067584,0.553347689816033,-4.56433631489258,0,1,24,25
"78","DHRS12",477.17010568846,1176.0288968944,2.94554228490214,0.00492562865018319,0.562871046487498,-4.56720378453717,9,0,38,47
"79","DHX15",2999.57573878122,18819.2415081047,2.4407737707147,0.0183257908786892,0.619964755647436,-4.57620678720358,1,0,12,13
"80","DHX36",1192.99984861271,6842.04109593813,2.09649825249854,0.0412363535961961,0.675717149647406,-4.58179332752978,2,0,7,9
"81","DHX57",646.37684164366,2738.7953474159,2.84917995182693,0.00639770063711479,0.565705210983799,-4.56898298461084,1,2,8,11
"82","DISC1",101.890067330065,166.399249024963,3.13151784854012,0.00293463377897803,0.547342786336625,-4.56370593412917,1,0,5,6
"83","DISP1",306.569290893277,804.399379225462,2.22808643424425,0.0305083056892068,0.66487275757254,-4.57972075894581,1,0,10,11
"84","DMAP1",340.185755210076,2147.54654708497,2.26145161103606,0.0282154493380512,0.657806379622692,-4.57918243379293,5,0,30,35
"85","DMTF1",4779.69645904741,10440.6768463613,2.12462397610936,0.0386999390444792,0.670617873206242,-4.58135730136443,1,1,15,17
"86","DMXL1",4037.02028126818,14154.0368759969,2.52241364452536,0.0149615230758942,0.607529672626876,-4.57480907376282,2,2,21,25
"87","DNAJB6",3245.51839209236,8148.17785107913,2.29650422032588,0.0259727482504155,0.655951005102692,-4.57861153377828,1,2,20,23
"88","DNMT3A",2028.176545863,5056.04015931498,2.14086192840941,0.0372986742557048,0.670617873206242,-4.58110381360772,2,0,5,7
"89","DOCK2",15952.5896524818,72210.9558038491,2.72445533690947,0.00890962435727884,0.567261071437225,-4.57124712617215,1,1,0,2
"90","DOCK6",1426.831405448,1036.79109073138,2.66128712287724,0.0105028950037226,0.582674882490684,-4.57237559337697,2,0,16,18
"91","DOPEY1",1202.82661587218,5588.6166099311,2.16622192369071,0.0351992371795837,0.670617873206242,-4.58070538910805,1,0,18,19
"92","DUSP27",1251.62442542473,635.894159554755,3.18374406795506,0.00252980694234115,0.536267443063216,-4.56271031805005,2,0,7,9
"93","DYNC1H1",35985.9675041795,128957.423273904,5.23057246899253,3.51159312641881e-06,0.0364749178041122,-4.52265758099873,2,0,6,8
"94","DYNC1LI2",1426.60661526982,4628.24313593052,2.06208641991546,0.0445361204973348,0.68092809478262,-4.58232148169533,3,1,21,25
"95","ECT2L",64.6332946402544,127.860083316836,3.08878990634162,0.00331037351264227,0.55401537736098,-4.5645163823026,1,0,0,1
"96","EIF2B4",945.810496527972,5470.29507254848,2.37771070404088,0.0213764738015449,0.64025493504271,-4.57726855517193,1,0,17,18
"97","EIF2B5",1546.28991446991,9423.27315446064,2.1092351399773,0.0400702685488377,0.670617873206242,-4.58159635115023,0,1,12,13
"98","ELAC1",61.5803815852927,177.032126286651,3.46027139304726,0.00112923954389575,0.46438376626021,-4.55736112553815,1,0,4,5
"99","ELFN2",17.2118015804873,19.0705162481239,2.0172685080013,0.049176329636933,0.694581450545649,-4.58300038049535,5,0,7,12
"100","ERAP2",4917.04420214304,7223.08633524522,2.10993901618184,0.0400066764666544,0.670617873206242,-4.58158544242483,4,2,20,26
"101","ERCC4",359.038999970813,1432.8444811982,2.2964572338019,0.0259756450157934,0.655951005102692,-4.5786123026595,3,2,37,42
"102","ERCC8",464.019067888847,1726.82370053702,2.39652765447822,0.0204216154420103,0.638155417236238,-4.57695342552953,2,0,5,7
"103","ERP27",274.980266056191,603.091475467438,2.68704905632953,0.00982392461908051,0.579323450778156,-4.57191692343342,1,0,0,1
"104","EXOC3",797.419492525645,5646.03181745094,2.63661579306802,0.0111931955760345,0.597756927754602,-4.57281278851654,1,0,3,4
"105","FAM13B",1865.22319551658,8028.89988040381,2.36128428470867,0.0222425843911583,0.64025493504271,-4.57754245714221,5,1,18,24
"106","FAM186B",69.7278255023377,153.367279295429,2.23088853190447,0.0303095867984054,0.66487275757254,-4.57967574269417,1,0,5,6
"107","FAM196B",175.227010378837,369.95492339213,2.39281809614836,0.0206067643767458,0.638932721138084,-4.57701566457883,2,0,11,13
"108","FAM73A",509.891964330598,1678.93020442572,2.72947855141701,0.00879299455438882,0.567261071437225,-4.57115684367384,0,1,10,11
"109","FAM78A",507.739379154243,2149.19976866539,2.61037384241143,0.0119728229982499,0.603003093519485,-4.57327555843294,1,0,9,10
"110","FBXL8",39.2196998664479,98.6997168678639,2.05130787337158,0.045615861286355,0.68432284662396,-4.58248568902475,1,0,11,12
"111","FBXO15",42.4216224415416,36.636834408673,3.296826395939,0.00182650156517935,0.46438376626021,-4.56053734654094,1,0,20,21
"112","FBXO38",3281.44100194253,7639.06241247696,3.38415677851821,0.00141469436536359,0.46438376626021,-4.55884493647648,1,2,3,6
"113","FDPS",698.371007865271,3444.99205063628,2.25356300527056,0.0287432881638245,0.662443342755744,-4.579310163714,1,0,11,12
"114","FGD6",516.804585486016,749.900743193614,2.49000842119672,0.0162234252061066,0.615308093686932,-4.57536691004816,2,1,14,17
"115","FGFR1OP",110.762213444562,281.657198610469,2.39571681745644,0.0204619571825094,0.638155417236238,-4.57696703455832,2,0,23,25
"116","FHOD1",1230.86686838165,5386.06486980806,2.13021286847847,0.0382125219789722,0.670617873206242,-4.58127019817796,1,0,4,5
"117","FMO5",312.535342581301,621.288337393858,3.04342437712835,0.00375846200885471,0.55401537736098,-4.56537258073582,0,1,2,3
"118","FNDC3A",3059.46890740712,15690.353930825,2.09731979583723,0.0411602554719151,0.675717149647406,-4.58178064645902,1,1,5,7
"119","FSCN2",58.2450902795022,102.39558014513,2.19069461291693,0.0332725533257016,0.670617873206242,-4.58031801422638,1,0,6,7
"120","FSD2",14.6159318716012,23.314213110802,2.22141309041506,0.0309862167758055,0.664987259608041,-4.57982782324828,1,2,27,30
"121","GAN",553.618283688118,2389.59528908478,2.09097629426514,0.0417510377583628,0.676611895604762,-4.58187847601534,2,0,23,25
"122","GATAD2B",1992.51469593058,7615.2036773189,2.77472191573076,0.00780416255844944,0.565705210983799,-4.57034018225654,4,0,19,23
"123","GIMAP8",1891.91586545223,1946.3107193359,2.06001549650735,0.0447418335119994,0.68092809478262,-4.58235307704379,0,1,20,21
"124","GJD3",32.8920236512107,32.9811463115901,2.74047625240885,0.00854254107459471,0.565705210983799,-4.57095890743268,2,1,7,10
"125","GLIPR1",3612.38411921565,5791.39933143404,3.3572681616659,0.00153101963316923,0.46438376626021,-4.55936723249545,1,0,14,15
"126","GNAI1",1824.67147559644,926.495217594354,2.23707871846043,0.0298746503184544,0.664471076783268,-4.57957616953715,0,1,8,9
"127","GNMT",288.124200045067,509.83037322321,2.6596981035581,0.0105461517192884,0.582674882490684,-4.57240381316007,1,0,0,1
"128","GON4L",5327.89306525349,24296.8600141952,2.53673720867399,0.0144326935551481,0.607529672626876,-4.57456125639686,1,0,6,7
"129","GPA33",1819.47520614984,1071.56040477835,3.26162006680711,0.00202271680363792,0.494131532841729,-4.56121624175326,4,0,11,15
"130","GPATCH2",414.276657982822,1073.76719826059,2.29348950913752,0.0261591925497912,0.655951005102692,-4.57866084659017,0,1,1,2
"131","GPATCH8",2844.49688318215,14984.4758772372,2.31728347467871,0.0247195607725583,0.649823788672128,-4.57827056565009,1,1,4,6
"132","GPR137C",33.256780994596,56.8986884332477,2.34200621060975,0.0232990760160302,0.647078883899747,-4.57786247215654,0,1,10,11
"133","GRIN2C",136.531197338899,220.101466260348,3.00790708770674,0.00414828366110855,0.55401537736098,-4.56603967916345,1,0,12,13
"134","GRSF1",1051.99930288659,5088.95221912296,2.22232086003173,0.0309208200359588,0.66487275757254,-4.57981327134103,1,1,20,22
"135","GTF2IRD1",248.040846359442,213.704240663195,2.25373157070107,0.0287319181664934,0.662443342755744,-4.57930743726704,2,0,14,16
"136","GUCA1B",60.8418778764622,145.549702569397,2.24444973731245,0.0293639667607091,0.662443342755744,-4.5794573753965,3,0,6,9
"137","HARS2",1295.27394450699,6149.36901175013,2.15022617498655,0.036510985253695,0.670617873206242,-4.58095705225846,0,1,2,3
"138","HAS3",36.6119357435795,68.8658343243678,2.56024463435236,0.0136015153050551,0.607529672626876,-4.57415292019001,1,1,14,16
"139","HDAC1",1945.36021796805,13445.8436274384,2.19408298763136,0.03301325872946,0.670617873206242,-4.58026415877398,1,0,5,6
"140","HDAC7",2101.56663937727,8399.88752104693,2.46235049300327,0.0173758876726788,0.615308093686932,-4.57583987288216,1,0,8,9
"141","HECTD1",3840.53916169703,23826.225173086,2.32758147948915,0.0241187303568308,0.649071172185619,-4.57810089530504,3,1,20,24
"142","HELQ",290.124722956866,1837.57827143106,2.1049143100715,0.0404625761661318,0.670617873206242,-4.58166326240766,3,2,6,11
"143","HERC1",13065.094763614,53573.0204703389,2.10229226039327,0.0407022769939137,0.673207883974174,-4.58170382204731,1,0,21,22
"144","HINFP",341.831734697546,1648.51534614625,2.14215994154438,0.0371886070017334,0.670617873206242,-4.58108349561362,1,0,6,7
"145","HPGD",1730.57732079335,1147.28429365001,2.13469131486684,0.0378258401495647,0.670617873206242,-4.581200292125,1,0,12,13
"146","HSF4",345.736148351216,868.713139964555,2.09708016550004,0.0411824393337119,0.675717149647406,-4.58178434565796,1,0,11,12
"147","HUS1",292.255679831398,1530.22715820397,2.11177862886506,0.0398408922131552,0.670617873206242,-4.58155692050372,2,0,24,26
"148","IL20RB",22.7561031764475,56.2159603791512,2.36175880026233,0.0222171299146184,0.64025493504271,-4.57753456057121,1,1,17,19
"149","IL2RA",887.584166042121,763.303279750407,2.16410033951612,0.0353708008347419,0.670617873206242,-4.58073883827653,1,0,2,3
"150","INPP4B",4113.95543796727,4347.07014336178,2.29375570736339,0.0261426816998698,0.655951005102692,-4.57865649387877,1,0,14,15
"151","INSIG1",539.964590524362,1647.64524238534,2.33625182802104,0.0236230207029958,0.648753663895832,-4.57795769102223,0,1,18,19
"152","IREB2",1524.07539873855,8002.56143009733,2.24671568136102,0.029208539471041,0.662443342755744,-4.57942080726166,1,0,18,19
"153","ITGA4",23610.7995835503,42634.9995557976,3.45291025916901,0.0011542460765617,0.46438376626021,-4.55750495144578,4,0,34,38
"154","ITGA6",16633.2076005874,18140.9893984843,2.44740328670139,0.0180290581283119,0.619067195962894,-4.57609424555103,6,0,19,25
"155","ITGA9",18847.4839277084,20470.1796929917,2.29017428309896,0.0263655979260055,0.655951005102692,-4.57871502919204,1,0,18,19
"156","ITPR1",9230.11824114569,22445.2813709646,2.62185473158903,0.0116258211243333,0.60228131680025,-4.57307338552705,3,0,26,29
"157","KCNMB4",113.520332146491,107.024645006612,2.12002337694565,0.0391052429838031,0.670617873206242,-4.58142888804903,0,1,4,5
"158","KIAA1199",578.151176288943,1510.2808674349,2.43883883430712,0.0184132243477083,0.619964755647436,-4.57623960176923,2,1,21,24
"159","KIAA1279",487.027931289716,1344.32005633284,2.01656176992361,0.0492527329436171,0.694754360004994,-4.58301100362251,1,1,19,21
"160","KIAA1468",1726.55354253939,7806.75682905466,2.56355006676935,0.0134882022879976,0.607529672626876,-4.57409534287018,1,0,16,17
"161","KIF26B",336.412773567643,274.630723106955,2.55230991726418,0.0138770702159026,0.607529672626876,-4.57429097442269,1,1,20,22
"162","KPNA5",869.201921639361,2739.19589180842,2.21502454884714,0.0314499255034117,0.667026402965753,-4.57993012725689,3,6,23,32
"163","KRBA2",245.132811184031,492.912804784372,2.62494654916722,0.0115339579510338,0.602202461743985,-4.57301886288028,1,0,11,12
"164","KRI1",2323.25229169537,6463.25450455277,2.24405707053298,0.0293909752846229,0.662443342755744,-4.57946370995586,3,0,9,12
"165","LENG8",9341.53426107842,31592.2354827041,2.36110277522767,0.0222523280290996,0.64025493504271,-4.57754547745341,1,0,6,7
"166","LHX6",173.123512018752,92.2187750279654,2.38366427804827,0.021070114187572,0.64025493504271,-4.57716900698967,1,0,1,2
"167","LIME1",4.64250372246327,3.90802019071044,2.59099010724228,0.012580222578553,0.607529672626876,-4.57361586142157,1,0,12,13
"168","LMOD3",10.8093947548663,8.22795276089849,2.97336502340421,0.00456339940446048,0.55764740722507,-4.56668561536562,3,2,16,21
"169","LNPEP",3268.0063217456,15411.9627877803,2.48212680265033,0.0165445772981084,0.615308093686932,-4.57550198795466,3,0,6,9
"170","LONP2",1311.94806435295,7713.52876700263,3.00044523841633,0.00423484996621978,0.55401537736098,-4.56617945708935,2,0,9,11
"171","LRRC8C",1925.3340873368,3717.69460977972,2.73669346731085,0.00862793612795376,0.566935524490582,-4.57102703215158,5,3,23,31
"172","LSG1",694.355341931323,3400.13582726047,2.57544338220622,0.0130875662188404,0.607529672626876,-4.5738878497616,8,0,37,45
"173","MACF1",95778.1198227441,174550.068586656,4.0968052686627,0.00015709332267636,0.251035129636824,-4.54476905449364,2,0,7,9
"174","MADD",6393.16520625333,22229.6532448558,2.79912181094184,0.00731452368577269,0.565705210983799,-4.56989719803074,2,0,10,12
"175","MAPK8IP3",5068.52579418715,12999.8348134448,2.36587190315033,0.0219975822374777,0.64025493504271,-4.57746607374321,1,0,4,5
"176","MARS",2406.11326464273,15330.7950054348,2.6003447114956,0.0122836636399862,0.607529672626876,-4.57345179425817,5,0,13,18
"177","MAST4",4757.65822976119,8453.01753716398,2.13431441678375,0.0378582498718675,0.670617873206242,-4.5812061790319,2,0,9,11
"178","MBD5",3634.53282921332,7044.91228204933,2.43912847923179,0.018400112331031,0.619964755647436,-4.57623469062403,0,1,14,15
"179","MDN1",9304.47187309724,33015.2137343371,2.72063805552638,0.00899920514255703,0.567261071437225,-4.57131568158083,2,0,13,15
"180","MED13L",56224.7669309254,143016.655464352,2.11261055236105,0.0397661175243649,0.670617873206242,-4.58154401666227,17,3,70,90
"181","MED19",132.33637888844,556.067911532755,2.43687681759447,0.0185022655988869,0.619964755647436,-4.57627286050041,1,0,6,7
"182","MEF2C",4134.77837441926,6710.86359758243,2.18902385728009,0.0334010675246743,0.670617873206242,-4.58034454980094,1,2,12,15
"183","MFN1",536.631237789966,3118.31403889788,2.06009285940109,0.0447341339199501,0.68092809478262,-4.58235189713444,0,2,12,14
"184","MFSD6",1810.50134000622,5488.39035644418,2.31230352049885,0.0250148790308903,0.649823788672128,-4.5783524521895,2,0,12,14
"185","MINA",502.213315040482,1442.84464025736,2.06485281017467,0.0442626076313428,0.68092809478262,-4.5822792421278,2,3,18,23
"186","MLANA",39.4457350194827,113.86160940391,2.19903656153267,0.0326373963806074,0.670617873206242,-4.58018532953424,0,1,3,4
"187","MLH3",1400.00384211223,5186.82242723669,2.06621643861091,0.0441283242668678,0.68092809478262,-4.58225840692764,2,0,11,13
"188","MMAA",245.240927583923,641.010929084307,2.66506660024782,0.0104006619043846,0.58081545806905,-4.57230843917197,0,1,15,16
"189","MMP28",353.103654521974,208.969026223046,2.2329534639812,0.0301638806320881,0.66487275757254,-4.57964254627738,1,0,0,1
"190","MN1",2631.71144693289,1794.65280157947,2.41073473910737,0.0197262767642708,0.631798013888115,-4.57671454209504,1,0,4,5
"191","MON2",3082.46933763361,13740.7436615531,2.98544298944118,0.00441402791868103,0.55764740722507,-4.56646008352765,2,0,12,14
"192","MRPS6",174.558734415275,573.856547484071,2.35591718621864,0.0225323172707842,0.640618103220213,-4.57763170733418,1,0,6,7
"193","MTOR",3304.83109468383,18179.9186270336,2.38615456066985,0.0209431428029991,0.64025493504271,-4.57712732439738,1,0,3,4
"194","MTRR",1200.10075695099,6389.63967486276,2.01883010238335,0.0490078738694872,0.694250426272026,-4.58297689868933,2,0,39,41
"195","MYCBP2",22029.946370246,65671.855125085,3.48497079946416,0.00104905130076829,0.46438376626021,-4.55687805787509,2,1,15,18
"196","MYO1G",13252.2988285519,30099.1968788592,2.40906219855629,0.0198070145312259,0.633032184417979,-4.57674270722929,3,1,20,24
"197","MYSM1",1061.82515680022,4424.66030439095,2.96519331003016,0.00466712341152168,0.562871046487498,-4.56683800378345,1,1,18,20
"198","N4BP2",3203.97593458925,5128.82232407404,2.78976869804384,0.0074987572201784,0.565705210983799,-4.57006721312059,1,0,6,7
"199","NAA35",927.62135351272,3318.17176884846,2.43498789539979,0.0185883564112837,0.619964755647436,-4.57630486580885,1,2,13,16
"200","NCKAP1L",10026.8529276846,53256.7119575281,2.39702387126251,0.0203969623513801,0.638155417236238,-4.57694509574374,2,0,2,4
"201","NDFIP1",2597.81692023263,7075.71696764635,2.74004358170846,0.0085522688658451,0.565705210983799,-4.57096670169984,1,0,7,8
"202","NF1",8688.37879261078,23642.7482388797,2.39393268315948,0.0205509759377608,0.638155417236238,-4.57699696990828,1,0,19,20
"203","NMNAT1",119.584577075906,350.574113851229,2.46992721288429,0.0170530324758772,0.615308093686932,-4.57571060011357,0,1,3,4
"204","NOL12",2.76645688681143,3.56350920734485,2.55323862108913,0.0138445579314369,0.607529672626876,-4.57427482787579,1,0,1,2
"205","NOS2",18.9144102357806,11.3868853718361,2.18259649768499,0.033899548904799,0.670617873206242,-4.58044650981922,0,2,12,14
"206","NPR3",11380.5184217458,7113.69592609752,2.38942673695978,0.0207773502343957,0.64025493504271,-4.57707251574741,1,0,4,5
"207","NR3C1",3116.43093018803,18264.2403203601,2.1138700818517,0.0396531425071368,0.670617873206242,-4.5815244738409,3,0,31,34
"208","NSD1",7971.58172970566,33514.4249856711,2.15255454888397,0.0363174127971299,0.670617873206242,-4.58092049552703,3,0,13,16
"209","OR13D1",37.0826645041418,43.2449318166846,2.14757814961966,0.0367322331793577,0.670617873206242,-4.58099859615427,0,2,6,8
"210","OR5K2",10.837633840368,10.2475435279263,2.8022189389706,0.00725444627491227,0.565705210983799,-4.56984084392883,0,1,1,2
"211","OSBPL3",3825.0109585979,5397.66015364866,2.05617563850642,0.045125448542986,0.682628395765314,-4.58241160310683,3,0,35,38
"212","OSGEP",906.334974465795,3008.43627508441,2.78861346110132,0.00752180780655295,0.565705210983799,-4.57008819446032,5,0,28,33
"213","OTUD3",148.732785106546,526.980001861229,2.20910119997206,0.0318853396093793,0.667852257724947,-4.58002481418623,1,0,2,3
"214","P2RY14",330.53678574588,420.072876601057,2.07042995662329,0.0437156353576091,0.68092809478262,-4.58219396853195,0,1,9,10
"215","PACRG",3.65180197713633,2.78360179614849,2.08387375675571,0.0424212782004572,0.679665855553207,-4.58198777466006,0,1,2,3
"216","PAM",2661.12387199153,5877.01612719076,2.02672460472461,0.0481638820269439,0.692913300211431,-4.58285799590227,1,2,4,7
"217","PAN3",6440.56258159986,17078.6209546613,2.31083858466412,0.0251023491181536,0.649823788672128,-4.57837652011678,0,1,11,12
"218","PANK2",2471.27067936585,7697.3824645389,2.2419397198946,0.0295369915144927,0.663098938187276,-4.57949785537625,2,0,5,7
"219","PCDH12",175.771946132408,365.396631048461,2.08887967628378,0.0419479201233662,0.67850732452899,-4.58191076625291,2,2,25,29
"220","PDE3B",3662.13474654756,7526.68494844603,3.42727959346752,0.0012454948729314,0.46438376626021,-4.55800520921839,3,2,6,11
"221","PDE7A",2547.96740681743,5276.82603877726,2.31773453494685,0.0246929666230695,0.649823788672128,-4.57826314348928,1,0,19,20
"222","PDK1",1974.08108498054,4243.47309348623,2.27561085764925,0.0272895948706404,0.655951005102692,-4.57895247592221,1,0,1,2
"223","PDK2",1758.79146089611,3600.76971565376,2.03904058560226,0.0468723345834836,0.689414246850274,-4.58267185959154,2,0,3,5
"224","PEX1",1179.7814092587,4727.53983677095,2.20519369522971,0.032175481056246,0.668413443462454,-4.580087188496,0,2,5,7
"225","PHF20",1673.91857407703,5328.06892282563,3.17243976002303,0.00261269300453903,0.542760844762938,-4.56292626860958,1,0,6,7
"226","PIGL",203.613349700149,655.738489381417,2.46263882748093,0.0173635008821685,0.615308093686932,-4.57583495743369,1,0,8,9
"227","PIK3C2B",4138.79448344438,5380.6543995917,2.48434516761085,0.0164536085511841,0.615308093686932,-4.57546399279332,3,0,16,19
"228","PIK3R1",7243.85824691049,15518.4995889454,2.76393129769283,0.00803020853483557,0.565705210983799,-4.57053552266632,1,0,15,16
"229","PIPOX",82.9539252764561,146.279189864503,2.14125068417934,0.0372656790960018,0.670617873206242,-4.5810977292058,3,0,20,23
"230","PKD2",4517.27165839033,8633.93535874033,2.43722746642166,0.0184863238243276,0.619964755647436,-4.57626691766347,1,0,1,2
"231","PKD2L2",49.1026823340435,89.8905017471568,2.07451129921503,0.0433190996980153,0.680681114376166,-4.58213146659978,2,0,11,13
"232","PLAC8L1",11.3335668583264,17.212136131033,2.51366029313112,0.0152933000876618,0.610637151314548,-4.57496014507301,1,0,13,14
"233","PLD2",636.019920675146,918.737069276126,2.02055131996576,0.0488227775096171,0.694239450192557,-4.58295100202359,1,0,3,4
"234","POLR2B",2879.44364880113,16991.0249970565,2.1090438650521,0.0400875646522763,0.670617873206242,-4.58159931512327,3,0,34,37
"235","PPM1K",726.347680891013,2267.30840361532,2.14618593466876,0.0368490270839875,0.670617873206242,-4.58102042462361,1,0,2,3
"236","PPP1R13L",109.805715447732,197.802377735679,2.19932323513248,0.0326157605401755,0.670617873206242,-4.58018076403075,3,0,5,8
"237","PPP1R3E",13.1399177562622,27.9370100293236,2.16393186926086,0.0353844557917309,0.670617873206242,-4.58074149348509,0,1,3,4
"238","PPP2R5D",623.983320100795,5466.00847688272,2.52750411255551,0.0147715986682228,0.607529672626876,-4.57472108830421,2,0,2,4
"239","PPWD1",1612.45643319252,4350.53405990416,2.2252584616839,0.0307100282556448,0.66487275757254,-4.579766154583,2,1,21,24
"240","PRDM15",511.430505648069,2397.03867331441,2.34082585675826,0.0233651984936695,0.647122346923979,-4.5778820151288,0,1,8,9
"241","PRKCB",12680.2672630371,24715.7937712352,3.60252187738452,0.000736316785088975,0.46438376626021,-4.5545698969124,2,0,12,14
"242","PRKCQ",3258.05219938208,6209.46795854931,2.40692616998131,0.019910558433968,0.633417979949848,-4.57677866096983,1,0,7,8
"243","PRR5L",1575.29325179767,1929.03945848009,3.13355092764171,0.00291779530190314,0.547342786336625,-4.56366727755346,4,2,11,17
"244","PRRC1",1274.09999629253,5523.57319319718,2.27905685956114,0.0270683943071833,0.655951005102692,-4.57889637556789,1,0,2,3
"245","PRSS35",11.1764035844788,7.47387958724962,2.41410882282257,0.0195643021978952,0.630316691518235,-4.57665768914662,2,3,18,23
"246","PTCD2",200.59209795518,457.077460534883,2.41524094240775,0.0195102231361663,0.630316691518235,-4.57663860279689,1,1,14,16
"247","PTGR2",27.7898143146814,51.1894755890566,2.0615527270938,0.0445890554887227,0.68092809478262,-4.58232962612757,1,2,3,6
"248","PTPRB",265.657528713982,238.918938632515,2.36935203883887,0.0218133424065502,0.64025493504271,-4.57740807142622,1,0,3,4
"249","PUM1",2051.19156346372,14927.1280196812,2.12892342743479,0.0383244964292058,0.670617873206242,-4.5812903076318,1,1,9,11
"250","RAB3GAP1",3166.11875523899,10173.2411976922,2.45078228723596,0.0178794912639557,0.616990949364479,-4.57603681777908,1,1,13,15
"251","RABGGTB",802.360228731029,3743.21818999491,2.03823823508814,0.0469555511444215,0.689414246850274,-4.58268400948418,0,4,18,22
"252","RAI1",6010.03348868004,14350.2590130093,2.02038049402562,0.0488411207157928,0.694239450192557,-4.58295357287753,2,0,37,39
"253","RANGRF",18.5126850012933,57.6933724476112,2.03811049216447,0.0469688119420566,0.689414246850274,-4.58268594357563,1,0,6,7
"254","RAP1GDS1",577.88779790285,3173.81207036692,2.20599782368914,0.0321155827376612,0.668413443462454,-4.58007435820486,1,5,19,25
"255","RARS",1352.59784974468,5178.01456088232,2.01557416537417,0.0493596718445644,0.694754360004994,-4.58302584418426,2,2,12,16
"256","RBM43",296.653800627429,539.024239015469,2.72542110661158,0.0088870909652518,0.567261071437225,-4.5712297744636,1,1,6,8
"257","REST",1924.89654540332,9364.29734626383,2.59395311128753,0.012485590033044,0.607529672626876,-4.57356392743193,1,0,15,16
"258","RNF214",1410.17383750202,4281.51905170705,2.01309297028658,0.0496292247241812,0.695088803239877,-4.58306310639403,1,0,21,22
"259","RNF31",1103.92389745357,6663.91482784106,2.01092264723676,0.0498660475339867,0.695201680966707,-4.58309567381769,1,1,25,27
"260","RNF43",203.351986165762,409.544279012142,2.11885782546868,0.0392085139621456,0.670617873206242,-4.58144700800864,3,0,10,13
"261","RSPH4A",131.42685507139,212.492633335418,2.50826957178909,0.015500931571721,0.612398509953594,-4.5750530397168,1,1,6,8
"262","RTP4",120.625047893181,265.797356119422,2.16353114497887,0.0354169541809607,0.670617873206242,-4.58074780863754,1,0,7,8
"263","S100A16",183.203975778773,71.094009781089,2.0605075587655,0.0446928803343962,0.68092809478262,-4.58234557178301,1,0,13,14
"264","S100Z",327.966191482188,298.525958948351,3.41152449153221,0.00130494939326524,0.46438376626021,-4.55831229646283,1,0,0,1
"265","SATB1",9980.56995944993,26345.4677909921,2.09254146933801,0.0416045865168641,0.676611895604762,-4.58185435637785,0,1,6,7
"266","SCFD2",390.839284248626,1913.43900172861,2.01188283002497,0.0497611534312358,0.695201680966707,-4.58308126852393,5,0,7,12
"267","SCUBE3",100.194500734621,264.408240350657,2.44657563681336,0.0180658647273288,0.619307382583379,-4.57610830504351,1,0,3,4
"268","SEC31B",2255.96244591115,5263.67654687409,2.46278102779248,0.0173573949250143,0.615308093686932,-4.57583253312239,1,0,18,19
"269","SECISBP2L",1807.23809282034,7471.4798105748,2.56637079909004,0.0133921858312908,0.607529672626876,-4.57404617754248,2,1,10,13
"270","SEMA3C",476.865756998446,433.604774628662,2.13754373753948,0.0375813462096909,0.670617873206242,-4.58115571686804,0,1,9,10
"271","SERINC5",1901.67955229598,3043.74607760938,2.69177474909405,0.00970384035118501,0.579058558780744,-4.57183255188863,3,0,11,14
"272","SETD5",4880.35849024567,22745.6258265296,2.09085281754621,0.0417626104229009,0.676611895604762,-4.5818803782977,2,0,15,17
"273","SFMBT2",1931.50144542435,3549.72689429244,2.77616335672336,0.00777441558269155,0.565705210983799,-4.5703140617106,2,0,23,25
"274","SGK223",699.222469735445,1284.0674358186,2.4074006075722,0.0198875181027863,0.633417979949848,-4.57677067680362,5,0,36,41
"275","SGSM2",1478.29229225038,6099.3698224074,2.04742567754732,0.0460102927188027,0.686299690149164,-4.58254468873912,0,1,10,11
"276","SH3BP1",4039.36937067252,13004.5478242129,2.09592614483891,0.0412894194620854,0.675717149647406,-4.58180215642404,1,0,2,3
"277","SH3PXD2B",1405.88503396385,706.348473583881,2.41870597058299,0.0193455412039284,0.628926874758074,-4.57658015409024,2,0,7,9
"278","SH3TC1",1628.95993215383,3126.5601814285,2.10019619710591,0.0408947849312869,0.674780192345158,-4.58173622102273,1,0,5,6
"279","SHPRH",1030.4132672088,5461.51275111445,2.24711755541118,0.0291810501454783,0.662443342755744,-4.57941431934352,1,0,6,7
"280","SIGLEC15",39.8077991701634,55.2927373439808,2.37280809794,0.0216317481998888,0.64025493504271,-4.57735042066027,1,1,6,8
"281","SLC20A1",1686.77957017829,8152.29668384177,2.13354889763842,0.0379241523404966,0.670617873206242,-4.58121813383795,5,0,21,26
"282","SLC25A12",727.418457520962,3559.45834017735,2.54944918436961,0.0139776565638531,0.607529672626876,-4.5743406918111,7,0,4,11
"283","SLC35E3",191.955909688163,557.889899599731,2.06868630573877,0.0438860063029632,0.68092809478262,-4.58222064544137,1,0,5,6
"284","SLC38A1",11583.705986946,16781.8459990167,2.8539090208229,0.00631683572086171,0.565705210983799,-4.56889625161177,0,1,9,10
"285","SLC4A5",369.554283270058,747.432341965935,2.01303429744333,0.0496356142171555,0.695088803239877,-4.58306398714788,1,0,9,10
"286","SLC4A8",410.43257325014,677.082397415519,2.51549348578657,0.0152232691098267,0.610637151314548,-4.57492853018264,2,0,3,5
"287","SLC7A6",2347.48148006503,4511.92598021718,3.06035382695703,0.00358497920590648,0.55401537736098,-4.56505359604434,1,0,4,5
"288","SMTNL1",320.942565426837,578.705325325556,2.21373068656926,0.031544583545825,0.667026402965753,-4.57995082391655,1,0,5,6
"289","SNHG5",37.4376797275992,97.1705707804789,2.18320652504098,0.0338519575009747,0.670617873206242,-4.58043684100165,2,2,30,34
"290","SNORA16B",29.4415378501244,55.8828478654218,2.1433764735464,0.0370857079410029,0.670617873206242,-4.58106444569954,0,1,8,9
"291","SNORD105B",1.79135348177281,1.52162703188056,2.10713118909536,0.0402608783687241,0.670617873206242,-4.58162894384425,0,1,6,7
"292","SNORD2",227.238046310161,646.709128289808,2.56876830367334,0.0133110658207722,0.607529672626876,-4.57400436667765,3,1,12,16
"293","SNORD85",13.3833072988553,20.3827979143284,2.25254732832476,0.0288118816980063,0.662443342755744,-4.57932658899471,1,0,9,10
"294","SPEN",7175.68245766011,26576.6311142914,2.12596611498545,0.038582394544155,0.670617873206242,-4.58133639789061,2,0,4,6
"295","SPP1",1743.46851873504,754.254173969299,2.27858246361376,0.0270987510257765,0.655951005102692,-4.57890410176935,0,1,9,10
"296","SPTAN1",22947.4763791415,71419.5422945155,2.41449908086156,0.0195456451365581,0.630316691518235,-4.5766511103866,1,0,4,5
"297","SPTBN1",21701.484988391,47003.1988922153,2.08570217985248,0.0422478459342896,0.679665855553207,-4.58195966161278,7,0,10,17
"298","SRCAP",9538.41588873305,44346.6000973357,2.56425051824648,0.0134643008953628,0.607529672626876,-4.57408313667129,8,1,24,33
"299","STARD4",204.317634232555,408.28149686624,2.84023866235,0.00655322199891945,0.565705210983799,-4.56914680111477,2,0,14,16
"300","STX4",1283.12717181813,4965.47590988248,3.24196854693531,0.00214074506381802,0.494131532841729,-4.56159428034338,2,0,18,20
"301","STYX",488.118453153126,1745.35449734191,2.21419511041181,0.0315105776874597,0.667026402965753,-4.57994339586484,1,0,2,3
"302","SUMO4",139.130028688178,148.012120515437,2.75375999124456,0.00824879809095993,0.565705210983799,-4.57071933001635,1,0,9,10
"303","SUPT6H",5592.01483301724,26752.5589980664,2.92106168083867,0.00526633802041686,0.562871046487498,-4.56765809884929,1,0,1,2
"304","SYNC",27.1080837562935,20.784889205138,2.21947912002188,0.0311259503919467,0.665922238354584,-4.57985881297529,2,0,16,18
"305","TAPBPL",953.447115938676,2893.80253421203,2.56751546409594,0.0133533998648546,0.607529672626876,-4.57402621791982,5,0,9,14
"306","TAS2R3",51.2750303201798,69.4851786728031,2.32614988753391,0.0242014670760008,0.649071172185619,-4.57812450944504,0,1,3,4
"307","TBC1D14",3215.80050744382,12888.4419729606,2.03776616918725,0.047004571760045,0.689414246850274,-4.58269115638155,3,0,19,22
"308","TCP11L1",1446.26827878181,2666.31214957964,3.20589274346385,0.00237454269250792,0.530416665528596,-4.56228650516074,0,1,1,2
"309","TEC",4832.97679259038,4965.17285119227,2.84689855097865,0.00643705388860618,0.565705210983799,-4.56902480417333,0,1,12,13
"310","TEP1",4524.04979623727,15113.1243059436,2.75713381577502,0.00817569085444869,0.565705210983799,-4.57065839587907,6,0,28,34
"311","TFCP2",1034.94360061887,4646.0426781315,2.12968032806814,0.0382587327339952,0.670617873206242,-4.58127850437868,1,0,1,2
"312","TGFB3",203.624601096671,454.240345874845,2.04354342319938,0.0464076877797299,0.688028904094516,-4.58260361272454,3,0,7,10
"313","TIAF1",5.79296594625651,6.50788040450364,2.47127712743579,0.0169960833468407,0.615308093686932,-4.57568754481524,2,0,12,14
"314","TM4SF20",6.82013551031898,4.8944762696144,2.43608017953878,0.018538529769563,0.619964755647436,-4.57628636020795,2,3,18,23
"315","TMEM104",761.007137240052,2120.92866994527,2.86997545963533,0.0060491362704191,0.565705210983799,-4.56860112584492,1,0,6,7
"316","TMEM117",118.863783635547,154.115289723089,2.12026468911599,0.0390838918579077,0.670617873206242,-4.58142513572123,0,1,10,11
"317","TMEM151B",2.41227610055405,3.10972685186676,2.02350286748682,0.0485067818997705,0.693516784023284,-4.58290655878554,2,0,5,7
"318","TMEM194B",378.072241507918,1099.63675326439,2.36405931699291,0.0220940929135043,0.64025493504271,-4.57749626360057,3,0,12,15
"319","TMEM199",60.6868380353259,208.325583295349,2.25984923876054,0.0283219644633366,0.658858331199724,-4.57920840144296,1,0,0,1
"320","TMPRSS13",115.990391500657,187.629206463059,2.54258937035355,0.0142215627277174,0.607529672626876,-4.5744597891484,2,0,13,15
"321","TNRC6B",7077.83283616248,22663.5954136149,2.75898012802142,0.00813593670009656,0.565705210983799,-4.57062503526404,3,0,14,17
"322","TP53INP1",1236.41252839524,2868.29969062501,2.16921611888288,0.0349583550032034,0.670617873206242,-4.58065814594846,2,0,22,24
"323","TRAF5",3069.91640446241,4939.41369597473,2.19181361201585,0.0331867241951447,0.670617873206242,-4.58030023457057,1,0,4,5
"324","TSNAX",596.092956814569,1444.46595436243,2.22928444532256,0.0304232045193277,0.66487275757254,-4.57970151703909,1,0,9,10
"325","TSSK4",232.717499941995,637.457536870434,2.33359474649082,0.0237739568820432,0.649071172185619,-4.5780016108536,0,2,28,30
"326","TTC19",2039.79610881037,7800.04501270567,2.71066796600973,0.00923709911360543,0.575772853420773,-4.57149452039985,1,0,4,5
"327","TTC36",48.2824904182392,79.3190607592298,2.74136349243109,0.00852262502801239,0.565705210983799,-4.57094292260365,2,0,9,11
"328","TTC7A",4513.65930310733,12128.9107240483,2.36053430590674,0.0222828688762819,0.64025493504271,-4.5775549358728,2,0,8,10
"329","UBASH3B",4300.38400908382,4434.5943503194,3.59540941095611,0.000752375747580518,0.46438376626021,-4.55470994082651,2,0,18,20
"330","UBP1",1317.76989767114,6131.55542931581,2.5624653184139,0.0135252932497793,0.607529672626876,-4.57411424242495,6,3,37,46
"331","UBR5",8012.22386015684,34732.8006265767,2.24847728989654,0.0290882105516773,0.662443342755744,-4.57939236218162,4,0,11,15
"332","ULK3",984.386697155245,3289.89440840431,2.58932981231789,0.0126335348392595,0.607529672626876,-4.57364494874399,2,0,16,18
"333","USP16",1281.41254122435,4966.0311397366,2.24196418576999,0.0295353006384042,0.663098938187276,-4.57949746094336,1,0,13,14
"334","USP35",231.398555789927,813.327370098284,2.48275695592983,0.0165186903416535,0.615308093686932,-4.5754911968826,2,2,19,23
"335","VAMP1",467.455152648059,1520.83614941857,2.6450792727921,0.010951840368251,0.590738210819406,-4.57266303863467,7,1,16,24
"336","VPS13C",15783.8955681398,61596.6729093146,2.95289219520882,0.00482741767945945,0.562871046487498,-4.56706708738961,1,0,5,6
"337","WDR92",271.790112186833,970.238807554011,2.05203325731437,0.04554248875446,0.68432284662396,-4.58247465651251,1,2,9,12
"338","WWOX",497.859454488417,1716.30208065151,2.02717382389063,0.0481162373298353,0.692913300211431,-4.5828512203505,3,0,26,29
"339","XRRA1",584.684623610463,1718.99742479721,2.02281159495852,0.0485806310251803,0.694094930479433,-4.58291697172251,1,0,2,3
"340","YTHDC2",1588.20693842072,5049.70170802304,3.30812422316992,0.00176745353536372,0.46438376626021,-4.56031905859967,1,0,24,25
"341","ZDHHC8",681.265070919664,2175.49036586697,2.22999495128477,0.0303728328171299,0.66487275757254,-4.57969010212734,1,0,4,5
"342","ZFAND2B",972.145487051461,3394.56848685321,2.14636397490764,0.0368340730031746,0.670617873206242,-4.58101763365793,2,0,8,10
"343","ZFC3H1",6308.2604784232,19394.6327404904,2.22672589512002,0.0306052076323832,0.66487275757254,-4.5797426033672,3,4,54,61
"344","ZFHX3",5388.05894296981,3798.57916665306,2.49977775451485,0.0158331968088444,0.615308093686932,-4.57519915245012,3,0,30,33
"345","ZMIZ1",8860.28748150744,22191.3330837295,2.05559303074355,0.0451839021283468,0.682628395765314,-4.58242047654212,1,0,7,8
"346","ZNF235",453.056377390558,808.82799493382,2.04753268636475,0.0459993810551311,0.686299690149164,-4.58254306349746,2,1,16,19
"347","ZNF397",424.657986592348,1365.3944549702,2.1111712533484,0.0398955617894425,0.670617873206242,-4.58156633927427,6,2,17,25
"348","ZNF407",1042.9975877655,4048.33987891898,2.5521408255338,0.0138829972912011,0.607529672626876,-4.57429391393425,0,1,8,9
"349","ZNF513",853.39352137373,2910.00474883728,3.33926166840345,0.00161393477136482,0.46438376626021,-4.55971640990744,1,0,13,14
"350","ZNF527",114.034687461239,477.978991612847,2.21765717968083,0.0312580992192257,0.667026402965753,-4.57988799185847,1,1,17,19
"351","ZNF76",879.976836351706,4330.11254263211,2.54366569979338,0.0141830387214449,0.607529672626876,-4.57444111367744,1,0,0,1
"352","ZNF846",358.743675682071,665.385435899008,2.92847524649251,0.00516091035964641,0.562871046487498,-4.56752067867702,0,1,5,6
"353","ZSCAN16",167.147156586563,435.610276293414,2.18651741174566,0.0335946837882547,0.670617873206242,-4.58038433365002,6,0,21,27
"354","ACOXL",-29.2808882221734,26.2320108616473,-2.21071706890753,0.0317660348440792,0.667852257724947,-4.57999899995736,0,1,9,10
"355","ACRBP",-371.979417351028,788.881964674533,-2.08028660579675,0.0427633361241458,0.680681114376166,-4.58204288077828,4,2,15,21
"356","ACTA1",-300.892819679828,213.765124608893,-2.64159263287663,0.0110506865550777,0.593196285517271,-4.57272475923557,3,0,3,6
"357","ALCAM",-2527.77916754569,5774.9991235134,-2.04859898196973,0.045890773823063,0.686299690149164,-4.58252686550302,4,0,14,18
"358","ALDH1A1",-985.09989187703,1163.11724520909,-2.15335472335287,0.0362510977033109,0.670617873206242,-4.58090792637029,0,1,6,7
"359","ANLN",-1989.14605346415,3245.45646507664,-2.04374463504483,0.0463870183944291,0.688028904094516,-4.58260056066161,1,0,0,1
"360","ANP32D",-12.7916081433327,8.0084356279859,-3.41231070675217,0.00130191956255384,0.46438376626021,-4.55829697988134,2,1,9,12
"361","AQP5",-1.21019761934108,0.422414262295477,-2.15041891144021,0.0364949275202675,0.670617873206242,-4.58095402717625,1,0,7,8
"362","ARG1",-4935.44586196399,5517.77287597388,-2.31386966917075,0.0249216665626309,0.649823788672128,-4.57832671116144,0,1,10,11
"363","AURKA",-1751.51609528275,2338.78143410382,-2.74189583358273,0.00851069601274168,0.565705210983799,-4.57093333059303,6,1,31,38
"364","B4GALT2",-201.302351924896,446.453032459601,-2.2137161748388,0.0315456466405478,0.667026402965753,-4.57995105600295,1,0,1,2
"365","BAG2",-93.5606267072377,212.797714943664,-2.03846603055502,0.046931912102409,0.689414246850274,-4.5826805603405,2,2,33,37
"366","BHLHA15",-46.1973121393722,41.0422621964065,-2.11563827066102,0.0394950165000707,0.670617873206242,-4.58149702558467,1,0,4,5
"367","BZRAP1",-15673.3426523988,15412.27975125,-2.55088851652049,0.0139269655205832,0.607529672626876,-4.57431568100635,2,0,1,3
"368","C11orf82",-164.424780129038,272.290315960123,-2.81735768816563,0.00696730210391465,0.565705210983799,-4.56956498484057,2,6,29,37
"369","C15orf26",-130.870178308105,93.6527003027496,-2.67618969691965,0.0101050599887476,0.579528014128809,-4.57211052993662,1,0,2,3
"370","C19orf26",-16.3881070628468,13.1407898609013,-2.42803944827955,0.0189081609954862,0.622159344640445,-4.57642247645338,1,0,10,11
"371","C1RL",-508.961838101582,1864.45124814717,-2.22193120403565,0.0309488763152328,0.66487275757254,-4.57981951814341,1,2,13,16
"372","C2orf48",-197.996189369968,293.228024263974,-2.15076264599014,0.0364663048578788,0.670617873206242,-4.58094863167223,1,0,17,18
"373","C7orf25",-119.987187600673,533.445903806825,-2.12920077740689,0.0383003872464714,0.670617873206242,-4.58128598290566,2,1,22,25
"374","CA12",-5.83660882878068,3.85272532841989,-2.00981497513046,0.0499872912974254,0.695201680966707,-4.5831122859008,0,1,2,3
"375","CACNA2D1",-55.0631187900045,27.1877456749406,-2.13354873914281,0.0379241659955686,0.670617873206242,-4.58121813631282,0,1,2,3
"376","CALB2",-10.7134373783805,3.25844448561691,-2.54425417806101,0.0141620160482421,0.607529672626876,-4.57443090116251,0,3,31,34
"377","CCDC3",-116.651549598936,73.7177188741427,-2.03202854698589,0.0476039387084794,0.690430591245535,-4.58277793064292,3,0,10,13
"378","CCNA2",-1380.72448847369,1753.26910751118,-2.46027613181513,0.0174652374880618,0.615631786359879,-4.57587522652304,3,0,5,8
"379","CD59",-6139.90125925224,9810.6032921504,-3.09159454619218,0.00328438630725843,0.55401537736098,-4.56446330243382,1,0,7,8
"380","CDC25C",-162.369366419833,241.107207270308,-2.37538225437406,0.0214973750656628,0.64025493504271,-4.57730744884717,0,1,7,8
"381","CDC42BPA",-2770.40092470253,3437.78382311114,-2.14557107395679,0.0369007118927031,0.670617873206242,-4.58103006203431,0,1,4,5
"382","CDCA2",-830.990333762273,1340.86062555637,-2.02769622787327,0.0480608819077815,0.692913300211431,-4.58284333965061,5,0,24,29
"383","CDCA8",-831.708092423513,1425.59919525571,-2.071940324022,0.0435685240479195,0.680800519599776,-4.58217084840318,4,1,25,30
"384","CDK14",-1835.96070805054,2985.15381035921,-3.0387521117241,0.00380770753176703,0.55401537736098,-4.56546050215643,1,1,12,14
"385","CDO1",-11.7266638955629,10.2834009646739,-2.02147381102954,0.0487238238588629,0.69423094433746,-4.58293711634371,0,1,3,4
"386","CHN2",-478.429353417136,747.93022375944,-2.03533789978563,0.0472574317663806,0.689414246850274,-4.58272790144664,1,0,10,11
"387","CINP",-198.196786509274,1001.55062770891,-2.68101121719084,0.0099793374850717,0.579323450778156,-4.57202461660213,1,0,0,1
"388","CKAP2L",-641.108197878697,847.481973709703,-2.15338628709537,0.0362484840156233,0.670617873206242,-4.58090743050368,3,0,17,20
"389","CKS2",-799.710577946898,1471.86369730257,-2.79249478728578,0.00744462179586498,0.565705210983799,-4.57001768647846,2,0,16,18
"390","CLCN2",-365.048355293269,802.152263921893,-2.14172217803385,0.0372256960150051,0.670617873206242,-4.58109034889735,2,1,17,20
"391","CLDN10",-278.497650903124,156.63351236256,-2.20391854773683,0.0322706672018078,0.668579962021292,-4.58010752800899,1,1,1,3
"392","CLDN16",-2.63984313727333,0.949798744751822,-2.18407928224708,0.033783971569375,0.670617873206242,-4.58042300493122,0,1,9,10
"393","CNGA4",-22.9890295524306,40.6494157588311,-2.32335889724599,0.0243634977167581,0.649071172185619,-4.57817052169515,1,0,4,5
"394","COG4",-1884.89553718568,10463.7241620373,-2.33047187963904,0.0239524540108426,0.649071172185619,-4.57805319142948,1,0,22,23
"395","COL16A1",-41.5531114236158,29.9171273755928,-2.52277896847254,0.0149478194032772,0.607529672626876,-4.57480276256755,1,0,11,12
"396","COL4A2",-57.9569779530686,36.402650731334,-2.33191590530939,0.0238697678696885,0.649071172185619,-4.57802934553283,2,1,26,29
"397","COL5A3",-165.696709579759,114.844700226687,-2.38416083373867,0.0210447413875662,0.64025493504271,-4.57716069762387,0,1,3,4
"398","COMMD6",-528.271809969571,1714.02282252179,-2.52136918015627,0.0150007649497178,0.607529672626876,-4.57482711479687,1,0,17,18
"399","COPZ1",-831.664305221845,4129.4121307397,-2.46206972338476,0.0173879571533247,0.615308093686932,-4.57584465905704,1,0,1,2
"400","COX6A1",-2133.31603197349,7676.27105852582,-3.7769324946941,0.00043116969577525,0.421010018441987,-4.55112352748744,2,0,8,10
"401","COX6C",-338.653204663759,1490.60259309415,-2.06163796654625,0.0445805972369509,0.68092809478262,-4.58232832542521,2,0,0,2
"402","COX7A2L",-1678.82227091486,4128.90421510148,-2.79176002845873,0.00745917716330682,0.565705210983799,-4.57003103747426,1,0,5,6
"403","CPVL",-4706.3978578938,4613.70973541875,-2.69295378391791,0.00967409091224346,0.579058558780744,-4.57181149041703,1,0,10,11
"404","CSNK1A1L",-203.366402798781,220.063565284411,-2.46501803047624,0.0172615950735937,0.615308093686932,-4.57579438512249,0,2,7,9
"405","CSRP1",-408.697898026992,1807.0189608564,-2.02392253160346,0.0484619963134921,0.693353658000335,-4.58290023600235,1,0,17,18
"406","DCPS",-588.635050814352,2419.97385288007,-2.2341624239032,0.0300788620170289,0.66487275757254,-4.57962310170728,0,1,13,14
"407","DENND2C",-322.653371995755,208.720881994455,-2.60909022670565,0.0120122020120584,0.603003093519485,-4.57329813407475,1,0,4,5
"408","DENND5B",-514.638882402508,1133.38373886932,-2.34303291981794,0.0232416968125483,0.647078883899747,-4.57784546826887,0,1,5,6
"409","DOC2A",-273.180185308112,317.763821484433,-2.06132860830162,0.0446113012999252,0.68092809478262,-4.58233304586962,3,0,19,22
"410","DPAGT1",-801.155071063919,3569.86839387647,-2.33433292971507,0.023731937927183,0.649071172185619,-4.57798941217411,3,1,21,25
"411","DUSP13",-79.6166066070845,56.1361406158934,-2.1656921464553,0.0352420093294335,0.670617873206242,-4.58071374364353,3,0,6,9
"412","DUSP19",-90.060514205694,165.430336885569,-2.30362760286116,0.0255369011637102,0.651724305620289,-4.57849485650772,2,0,4,6
"413","DUSP26",-3.93428961280531,2.15224737179185,-2.41049180248902,0.019737985511379,0.631798013888115,-4.5767186337824,0,1,6,7
"414","EFS",-6.14834086042266,2.12423928330372,-2.2056779419627,0.0321393984369849,0.668413443462454,-4.58007946244373,0,1,1,2
"415","ELL2",-1367.24931110691,2392.15561130039,-2.52567523133002,0.014839580366232,0.607529672626876,-4.57475271036501,1,10,38,49
"416","ELOVL5",-1932.19556470636,6065.4675308147,-2.72447418231661,0.00890918415248275,0.567261071437225,-4.57124678761002,0,3,24,27
"417","ELTD1",-18.2046664469242,9.55466878996341,-2.12006314279762,0.0391017238275103,0.670617873206242,-4.58142826972216,1,1,1,3
"418","EPB41L1",-170.786954367504,165.451491088769,-2.22530580982966,0.0307066411629648,0.66487275757254,-4.57976539483398,2,0,0,2
"419","EPOR",-2279.65815146417,2725.72763807242,-2.24404072573329,0.0293920999949347,0.662443342755744,-4.57946397361754,1,0,4,5
"420","ETV3L",-5.47338882857405,3.42166296588717,-3.31242766632278,0.0017454409341552,0.46438376626021,-4.56023585745549,1,0,3,4
"421","FABP5",-938.819051187219,1469.15448267805,-2.53545381284777,0.0144793744194055,0.607529672626876,-4.57458349169727,1,3,15,19
"422","FAM129C",-1045.65110197558,624.089355742147,-2.11152034169482,0.0398641325039915,0.670617873206242,-4.58156092606808,1,0,1,2
"423","FAU",-4849.52686036034,22669.3887920469,-2.46646169076963,0.0172000242373508,0.615308093686932,-4.57576975584282,1,0,14,15
"424","FBLIM1",-8.79993052228375,6.59769209082713,-2.06171483917956,0.0445729704154713,0.68092809478262,-4.58232715236402,1,0,12,13
"425","FBXL7",-4.78122653271519,1.22805535848894,-2.56627611256587,0.0133953987921294,0.607529672626876,-4.57404782838964,0,3,8,11
"426","FCER1A",-1184.01265611836,1607.17396275342,-2.02754724040084,0.0480766634220781,0.692913300211431,-4.5828455873369,3,0,4,7
"427","FLT1",-96.0915997542755,110.12392154338,-2.32936451670246,0.0240160359214152,0.649071172185619,-4.57807147183112,0,1,25,26
"428","FOXD3",-7.04503447220546,2.73420704457813,-2.12782192710692,0.0384203778110814,0.670617873206242,-4.58130747967614,0,1,2,3
"429","FZD3",-622.384854963306,469.605838244681,-3.2585812869602,0.00204055670166372,0.494131532841729,-4.56127474244343,1,0,9,10
"430","GALNS",-2123.61948683262,5905.27075798274,-2.24931496773925,0.0290311463289839,0.662443342755744,-4.57937883111295,1,0,9,10
"431","GATM",-733.811742878068,666.877885381504,-2.78131733763887,0.00766890753955161,0.565705210983799,-4.57022061505617,3,1,31,35
"432","GCSH",-218.39532941704,405.259024523329,-2.16164459009256,0.0355703051094174,0.670617873206242,-4.58077752926202,1,0,2,3
"433","GGH",-407.430215968079,684.712101750394,-2.22639514177049,0.0306288060740433,0.66487275757254,-4.57974791257081,2,0,13,15
"434","GJB6",-187.970799946488,139.84394866139,-2.20523429999585,0.0321724541042428,0.668413443462454,-4.58008654069737,2,0,14,16
"435","GNG5",-755.27057086473,3033.62705416701,-2.02451211878002,0.0483991374063043,0.693353658000335,-4.58289135157575,0,1,23,24
"436","GPR63",-87.8920453375898,69.2285749967307,-3.01633854592868,0.00405246113577886,0.55401537736098,-4.56588158064461,0,1,0,1
"437","GPR84",-524.734691990328,539.204862399132,-2.2433495602964,0.0294396950740285,0.662600460961936,-4.57947512186042,11,0,19,30
"438","GRB10",-2792.25903281568,5248.75478412916,-2.36412454588101,0.0220906132439356,0.64025493504271,-4.5774951774062,2,0,23,25
"439","H2AFV",-1258.39955892791,4743.70992006588,-2.39424744092883,0.0205352459641659,0.638155417236238,-4.57699168964286,4,1,23,28
"440","H3F3A",-4018.75437927314,5809.07052266416,-2.80783359460207,0.00714669664434806,0.565705210983799,-4.56973861073221,7,1,12,20
"441","HIST1H1B",-17255.0804016177,20643.4247901091,-2.26784764375118,0.0277938198173342,0.655951005102692,-4.57907866723243,9,1,59,69
"442","HIST1H2AB",-2051.0823135167,2658.29917191801,-2.32700097794389,0.0241522490600749,0.649071172185619,-4.5781104717458,4,0,28,32
"443","HIST1H2AC",-13173.0778518972,37004.0508792939,-2.65287853155351,0.0107336567876748,0.588340332736559,-4.57252482848602,2,0,3,5
"444","HIST1H2AH",-17562.2257930377,28082.7833774265,-2.25638055853555,0.0285537634448465,0.66202665379826,-4.57926457471379,7,0,45,52
"445","HIST1H2AK",-5354.64958661735,13614.0541008622,-2.38168591550063,0.0211714767426336,0.64025493504271,-4.57720210286184,3,0,14,17
"446","HIST1H2AL",-20687.2805984156,27523.1923131485,-2.43637633918531,0.0185250406539077,0.619964755647436,-4.57628134182457,6,0,28,34
"447","HIST1H2AM",-21854.4655743973,31838.4137062059,-2.87658893654524,0.00594203376654737,0.565705210983799,-4.56847943729387,8,0,47,55
"448","HIST1H2BC",-26867.8078310894,54225.6874289681,-2.93611208291876,0.00505436551774657,0.562871046487498,-4.5673789724497,2,0,3,5
"449","HIST1H2BD",-25234.1669415424,80364.947228511,-2.18290524345926,0.0338754546779927,0.670617873206242,-4.58044161647561,4,0,26,30
"450","HIST1H2BI",-9644.80627900041,13997.0315168485,-2.35015253138869,0.0228472736247612,0.643129081681285,-4.57772743416658,8,1,44,53
"451","HIST1H2BL",-16978.9075040273,25426.0272546532,-2.10535869829814,0.0404220738676746,0.670617873206242,-4.58165638495777,5,1,28,34
"452","HIST1H2BN",-13872.4165834647,28837.4221948832,-2.80047638381933,0.007288191588597,0.565705210983799,-4.56987255420735,3,0,14,17
"453","HIST1H2BO",-15722.7174769212,25264.5358937813,-2.37020875507957,0.0217682003238408,0.64025493504271,-4.57739378509676,6,1,44,51
"454","HIST1H3G",-6260.28006989658,6833.68302837325,-2.08754012944667,0.0420741335475717,0.67850732452899,-4.58193138533446,8,1,44,53
"455","HIST1H3I",-4612.40297108721,7793.39161199789,-2.07755253642327,0.0430256591194633,0.680681114376166,-4.58208483868258,7,0,27,34
"456","HIST1H3J",-2279.88521067586,2192.71549547955,-2.48658560854607,0.016362194425876,0.615308093686932,-4.57542560046797,8,0,47,55
"457","HIST1H4G",-1.75709351190523,0.762892415146701,-2.50118344513767,0.0157777532217187,0.615308093686932,-4.5751749844517,5,1,29,35
"458","HIST1H4H",-3478.46393074043,4915.79262156185,-2.97468579031289,0.00454683823280007,0.55764740722507,-4.56666096996856,9,1,48,58
"459","HIST1H4J",-955.585757915597,1063.34943090245,-3.39648598263366,0.00136421023845591,0.46438376626021,-4.55860510787955,6,1,41,48
"460","HIST1H4K",-703.76395278381,966.996148766187,-2.46319341896518,0.0173396981828032,0.615308093686932,-4.57582550200116,9,0,54,63
"461","HIST4H4",-365.416700502781,727.918167980309,-2.51676850220677,0.0151747331278451,0.610637151314548,-4.57490653411004,1,1,7,9
"462","HMGA1",-11642.0397547354,20548.3806510013,-3.38180316227024,0.00142453131905156,0.46438376626021,-4.55889069517328,1,0,1,2
"463","HOXB5",-179.606919592963,182.7299773915,-2.1563983069331,0.0359998292895072,0.670617873206242,-4.58086008976785,1,2,16,19
"464","HSPA13",-405.718785639096,1810.20558970998,-2.17832189489928,0.034234690190087,0.670617873206242,-4.58051421243824,1,0,17,18
"465","HSPA1A",-4447.44352439472,8592.56113527528,-2.49095299481162,0.0161853180196599,0.615308093686932,-4.57535070575503,4,0,18,22
"466","HSPA4L",-923.174234092997,631.556554626803,-2.76616745575992,0.00798287409657622,0.565705210983799,-4.57049507070197,2,1,4,7
"467","ICT1",-197.649238833413,841.290063103308,-2.458299121493,0.0175507803011035,0.6160460666761,-4.57590890544111,0,1,5,6
"468","IGF1R",-9392.3516532985,14094.2569881194,-2.67325359761565,0.0101823300836149,0.579528014128809,-4.57216281030249,4,6,46,56
"469","IGFBP5",-27.1695849820468,15.3330385201905,-2.19655614044634,0.0328251285002039,0.670617873206242,-4.58022481625352,0,2,22,24
"470","IGJ",-14131.5571192383,9891.23385206277,-2.20739219867428,0.0320119513228123,0.668413443462454,-4.58005210313426,1,1,16,18
"471","IRF4",-967.099525327086,919.473580155194,-2.61858510145018,0.0117236949233151,0.602366330281377,-4.57313100823572,1,0,15,16
"472","ISOC1",-381.840902234964,1087.36097631231,-2.55466377404162,0.0137948006381876,0.607529672626876,-4.57425004394408,0,1,0,1
"473","IVL",-1.47235694075911,0.46084436727187,-2.02989611849188,0.0478283799873772,0.692858736499418,-4.58281013792022,0,1,12,13
"474","KANK1",-1563.41808163354,3206.58294602769,-2.22612586169624,0.0306480304415783,0.66487275757254,-4.57975223464577,1,0,0,1
"475","KCNJ11",-27.252040933975,31.0639819745794,-2.75740372528449,0.00816986809513072,0.565705210983799,-4.57065351958867,0,3,6,9
"476","KCNJ12",-236.106054583414,97.7019533940126,-2.7080647488989,0.00930015923100718,0.575772853420773,-4.57154116395306,1,0,0,1
"477","KCNK4",-1.70367616551327,1.14947645856507,-2.30160479016204,0.0256599999040747,0.653914051300877,-4.57852801155306,1,0,2,3
"478","KHDRBS3",-607.304798457483,483.275143905841,-2.14946404530106,0.036574542477045,0.670617873206242,-4.58096901247263,0,1,4,5
"479","KIF18B",-993.854326518176,1281.58041969849,-2.09197483399719,0.0416575539373445,0.676611895604762,-4.58186308973518,2,0,0,2
"480","KLF5",-3135.42058322242,1751.98112916053,-2.20357435394507,0.0322964028831399,0.668579962021292,-4.58011301685565,1,0,2,3
"481","KRT10",-242.875136484471,615.369776907246,-2.70583859938553,0.00935439908912002,0.575861510078071,-4.57158103426812,0,1,15,16
"482","KRT13",-126.569974086621,97.0717799951393,-2.08205784007053,0.0425941382540834,0.680131151491413,-4.58201567894126,0,3,7,10
"483","LAMA5",-721.043848513766,464.816404319935,-4.43294548748858,5.25410451188453e-05,0.196739416436184,-4.53810182486693,2,0,17,19
"484","LAPTM4B",-2736.91658429406,2146.58979746132,-3.50405531437886,0.000990841495607963,0.46438376626021,-4.5565043187163,2,0,11,13
"485","LBR",-10194.311060624,22991.2364779307,-3.63894477251684,0.000659090958096217,0.46438376626021,-4.55385204080582,8,0,15,23
"486","LCA5",-191.559355734751,293.201592808659,-2.18741056210217,0.0335255771050985,0.670617873206242,-4.58037016038668,1,5,24,30
"487","LEFTY2",-2.44828588267496,1.17052457040375,-2.08270691553277,0.0425322813237301,0.679665855553207,-4.58200570681038,5,1,16,22
"488","LRRC20",-75.7457706890114,161.357821452029,-2.43424704483128,0.0186222204449793,0.619964755647436,-4.57631741469513,0,1,12,13
"489","LSMD1",-236.419029622961,635.667247039097,-2.95411474835113,0.00481125989889767,0.562871046487498,-4.5670443366338,5,0,21,26
"490","LYRM1",-111.55436856227,430.688741307209,-2.1550564816429,0.0361104167757227,0.670617873206242,-4.58088118494899,3,1,6,10
"491","MAP2",-60.6339141700082,30.8785468936201,-2.20902088998546,0.0318912794677553,0.667852257724947,-4.58002609685995,1,0,12,13
"492","MARCH4",-1.58570099230043,0.74398219979543,-2.168060879305,0.0350511212865804,0.670617873206242,-4.58067637863664,0,2,10,12
"493","MASP1",-5.44752894636314,2.16347475160352,-2.36982097536185,0.0217886228170361,0.64025493504271,-4.57740025196595,1,1,9,11
"494","MGST1",-2027.09002248326,2939.95455830076,-2.79539708583855,0.00738738438026276,0.565705210983799,-4.56996493452024,1,0,10,11
"495","MGST3",-2000.00231675087,5350.55723643539,-2.09571125991068,0.0413093665183501,0.675717149647406,-4.58180547215868,3,0,25,28
"496","MICALL2",-1165.59435970963,2013.05426300538,-2.04443526386475,0.0463161346544462,0.688028904094516,-4.58259008335469,1,0,0,1
"497","MMP2",-10554.8171625337,6122.56543357144,-3.34202950463246,0.00160091827475102,0.46438376626021,-4.55966276813712,1,2,17,20
"498","MMP8",-27635.3337185621,19752.9052645723,-2.10875451594537,0.040113741555104,0.670617873206242,-4.58160379850083,1,1,33,35
"499","MRO",-15.4750501884337,9.90962616602864,-2.77356721763349,0.0078280678136075,0.565705210983799,-4.57036110221633,2,1,4,7
"500","MS4A6E",-10.1864522090815,6.53708881688808,-2.86314772487694,0.00616158691484958,0.565705210983799,-4.56872663169544,0,1,10,11
"501","MTUS2",-1381.79667009766,649.6473968249,-3.75546973880274,0.000460804633955283,0.421010018441987,-4.55154871445525,1,1,8,10
"502","MUC1",-312.75031263568,637.051957080411,-2.04954041492968,0.0457950695825226,0.685902505773124,-4.58251255948382,1,0,6,7
"503","MXD3",-310.216839911751,618.359219697593,-2.0980555520868,0.0410922077739761,0.675717149647406,-4.5817692867395,4,0,26,30
"504","MYH10",-2704.68455577091,3153.51778931105,-2.16645887040963,0.0351801218107689,0.670617873206242,-4.58070165205077,1,0,6,7
"505","NBL1",-452.307196292146,292.178285622554,-2.57295754913305,0.0131703957899799,0.607529672626876,-4.57393125979765,6,0,37,43
"506","NCAPD2",-3933.38818730831,15053.8087907168,-2.06409545076626,0.0443373420699857,0.68092809478262,-4.58229080995849,5,0,10,15
"507","NDUFA4",-2699.1045080506,8635.63523792089,-2.69375698187515,0.00965387261118319,0.579058558780744,-4.57179714007568,2,1,5,8
"508","NDUFA7",-169.057999586643,823.021709401924,-2.56541418406231,0.0134246785805359,0.607529672626876,-4.5740628545244,1,0,1,2
"509","NDUFAB1",-305.485094663436,1103.07848545527,-2.02829170776068,0.0479978504324081,0.692913300211431,-4.58283435485683,1,2,3,6
"510","NDUFC1",-241.021750244955,919.775806173752,-2.5544901387304,0.0138008541613627,0.607529672626876,-4.57425306391842,3,2,17,22
"511","NTNG2",-1602.00318283984,2044.34714305663,-2.40822110818441,0.0198477283737607,0.633359000363295,-4.57675686670281,0,1,15,16
"512","OAT",-5473.62991123738,8629.15593093203,-2.53078085522914,0.0146505053489243,0.607529672626876,-4.57466440129978,0,2,15,17
"513","OCLN",-1455.05024434901,1673.23631877477,-2.37023832132817,0.0217666439164348,0.64025493504271,-4.577393292005,1,0,10,11
"514","OR7E37P",-25.3131774844272,33.7047056933762,-2.15756137931107,0.0359042147822465,0.670617873206242,-4.58084179786126,2,1,8,11
"515","OSR1",-1.54696670905792,0.57567045974954,-2.51310869013876,0.015314429374934,0.610637151314548,-4.57496965545988,0,2,26,28
"516","P4HA2",-145.815564304733,108.664447623588,-2.47674590623026,0.016767126824243,0.615308093686932,-4.57559407133995,1,0,3,4
"517","PADI4",-12247.4652311417,14185.7382600681,-2.46588068392979,0.01722477974991,0.615308093686932,-4.57577966896417,2,0,14,16
"518","PARM1",-159.976612423455,141.888840209649,-2.25372074020027,0.0287326485803917,0.662443342755744,-4.57930761244786,1,0,3,4
"519","PAX4",-4.03280136166907,1.84019383832072,-3.11108616395093,0.00310900398516038,0.547342786336625,-4.5640939492486,2,0,14,16
"520","PCBD1",-426.197343116777,1073.86172312069,-2.14405030885134,0.0370288199076151,0.670617873206242,-4.58105389091862,2,0,16,18
"521","PFKM",-1991.85099553377,3249.07389749103,-2.1726168628147,0.0346865267656511,0.670617873206242,-4.58060443672214,2,1,8,11
"522","PGM1",-3129.49276122331,6879.31967877223,-3.1495568983023,0.00278836907034236,0.547342786336625,-4.5633626528505,0,2,5,7
"523","PHB2",-2928.35240296384,12469.4837441708,-2.67035393396279,0.0102591730800508,0.580613185757895,-4.57221441418981,2,2,12,16
"524","PIF1",-210.664997900529,267.250419884812,-2.26907805642755,0.0277133556584251,0.655951005102692,-4.57905868465742,1,0,0,1
"525","PKDCC",-177.482861016984,98.4469283440885,-3.06207248608235,0.00356779349491332,0.55401537736098,-4.5650211773868,1,2,6,9
"526","PLBD1",-10588.114352554,7729.86742955899,-3.12461640969976,0.00299247744034405,0.547342786336625,-4.56383709411559,1,0,1,2
"527","PLK1",-1249.58866361321,1890.09989319081,-2.13642282319414,0.0376772589951189,0.670617873206242,-4.58117323825657,1,0,1,2
"528","PLSCR4",-554.160777311177,564.701796027943,-2.5406707741349,0.0142904692293407,0.607529672626876,-4.57449306837057,1,3,7,11
"529","POLE2",-490.124300365815,1037.50175584006,-2.47627698234373,0.0167866488897402,0.615308093686932,-4.57560209078704,1,0,5,6
"530","PPP1R3C",-8.98714139175111,4.42853139500151,-2.18579951833571,0.0336503211410071,0.670617873206242,-4.58039572308164,3,1,15,19
"531","PRC1",-2058.98146519132,3504.39324944917,-2.18132224201886,0.0339991504765498,0.670617873206242,-4.5804667008954,0,1,5,6
"532","PRDX3",-1609.03229754357,4179.09500504233,-2.4666481287643,0.0171920873161025,0.615308093686932,-4.57576657456666,0,1,10,11
"533","PRKD1",-57.421662201598,41.1019705105956,-2.05349521831653,0.0453949229768099,0.683853611254712,-4.58245241314387,1,1,1,3
"534","PRR15",-26.46626809157,11.7097190499128,-4.31267725076249,7.80322208946439e-05,0.196739416436184,-4.54048208295724,1,0,0,1
"535","PRTFDC1",-72.2826282864613,86.9807274577685,-2.19487857067137,0.0329526359943255,0.670617873206242,-4.58025150587263,1,2,8,11
"536","QPCT",-3792.99828287685,3374.46716702974,-2.53839334615223,0.0143726571655313,0.607529672626876,-4.57453255429316,2,0,15,17
"537","RAB26",-47.6564000923752,86.05389824987,-2.66700644528266,0.010348545168817,0.580613185757895,-4.57227395347201,3,1,9,13
"538","RAB34",-1334.53218819347,2394.07768629902,-2.15531015755964,0.036089487038918,0.670617873206242,-4.58087719750297,2,0,7,9
"539","RBP3",-1.60773832556705,0.962950202679798,-2.04912533991858,0.0458372439163628,0.686039557001816,-4.58251886752023,1,1,16,18
"540","REC8",-1194.16479667774,3046.45574800398,-2.45629820776322,0.0176377426867225,0.616108210164844,-4.5759429760767,0,1,23,24
"541","RFK",-127.939373614204,501.073592051849,-2.61881669196716,0.011716737730952,0.602366330281377,-4.57312692797856,0,1,8,9
"542","RGPD4",-69.1423755455941,89.2527156009231,-2.28896296591933,0.0264413753799835,0.655951005102692,-4.57873481442962,0,1,1,2
"543","ROR1",-42.5531413032434,18.5876441514889,-2.11442671994879,0.03960330371318,0.670617873206242,-4.58151583458818,1,1,15,17
"544","RPA3",-377.53061634597,1159.18619290442,-2.36181136570457,0.0222143117494467,0.64025493504271,-4.57753368575443,4,2,13,19
"545","RPL21",-29977.0209656438,97075.5093638251,-2.72154761254405,0.00897778549840314,0.567261071437225,-4.57129935079029,1,0,2,3
"546","RPL23A",-43412.2331721342,139383.96170248,-2.81333799606053,0.00704250199683539,0.565705210983799,-4.56963829642407,5,0,28,33
"547","RPL29",-5917.35351613156,20637.5127211714,-2.67990748006823,0.0100079903420875,0.579323450778156,-4.57204429047262,1,0,23,24
"548","RPL30",-11955.4532748472,55967.3482390033,-2.12199411885018,0.0389311716197349,0.670617873206242,-4.58139823533494,1,0,15,16
"549","RPL9",-73470.9822903775,208764.382469278,-2.46173169675677,0.017402498001324,0.615308093686932,-4.57585042086503,0,1,2,3
"550","RPLP0",-40576.5945819912,148517.368280099,-2.22727130682448,0.0305663289955642,0.66487275757254,-4.5797338474092,1,0,21,22
"551","RPS12",-19169.6147219678,63107.9602015737,-2.29343966245555,0.0261622853049465,0.655951005102692,-4.57866166161836,1,1,19,21
"552","RPS13",-6682.28792096386,18004.0261801332,-3.1588331101192,0.00271585403833403,0.547342786336625,-4.56318587552102,1,2,27,30
"553","RPS2",-18608.7652711087,58722.1262977824,-2.60516973432164,0.0121332094488854,0.603003093519485,-4.57336705059936,1,1,4,6
"554","RPS21",-1653.44611200852,5449.27908774691,-2.12453172512442,0.0387080298927189,0.670617873206242,-4.58135873782872,4,0,24,28
"555","RPS28",-9012.57919000778,20449.0496348585,-3.24867498480952,0.0020997526947243,0.494131532841729,-4.56146534267891,1,0,1,2
"556","RPS29",-13512.1098440042,42449.6637277288,-2.56909640178278,0.0132999994531433,0.607529672626876,-4.57399864326952,1,1,6,8
"557","RPS5",-23480.4780280626,69595.8416226475,-2.34095838935158,0.0233577657650923,0.647122346923979,-4.57787982109683,1,0,0,1
"558","RPSA",-76373.0701224519,227284.265723588,-2.87203631997469,0.00601557075097235,0.565705210983799,-4.56856321858281,2,0,8,10
"559","RPSAP9",-93.7923665689639,136.79549167335,-3.59362038416349,0.000756467573052789,0.46438376626021,-4.55474515940887,0,1,8,9
"560","RRBP1",-3703.80637411948,11662.5057320002,-2.06960082904443,0.0437965769215081,0.68092809478262,-4.58220665563569,4,2,32,38
"561","SCARNA20",-279.998623790308,258.656596098417,-2.8351091066964,0.00664401812456196,0.565705210983799,-4.56924068032668,1,0,8,9
"562","SCNN1B",-109.337294450013,53.928019330585,-2.32979289445142,0.0239914217106675,0.649071172185619,-4.57806440077028,1,0,0,1
"563","SCOC",-195.820148220428,466.902069867804,-2.63288665294672,0.0113010778156726,0.600315045199285,-4.57287869393054,2,1,35,38
"564","SDC1",-353.5315566487,159.66424586608,-2.52819376959851,0.0147460368324535,0.607529672626876,-4.57470916066203,0,1,28,29
"565","SEPP1",-432.343099181667,396.777170234608,-3.02522476480009,0.00395371411106576,0.55401537736098,-4.56571477566368,0,1,10,11
"566","SF3B5",-706.587709166026,2701.89718650431,-2.57801163945186,0.0130024891943538,0.607529672626876,-4.57384297729513,0,2,4,6
"567","SLC26A8",-869.405836780651,754.355243797937,-3.16184413035616,0.00269270027255905,0.547342786336625,-4.56312845801697,1,1,6,8
"568","SLC29A1",-3669.4732959655,6911.4874204112,-2.44314473567163,0.0182191655537762,0.619964755647436,-4.57616655791774,2,0,16,18
"569","SLC30A2",-3.04794733743681,1.09772278834075,-2.94820767086294,0.0048897999317897,0.562871046487498,-4.56715422808746,1,0,12,13
"570","SLC34A1",-107.233918696808,64.0473596009232,-2.90570685142833,0.00549110505189902,0.565705210983799,-4.56794226749965,1,0,13,14
"571","SLC41A2",-87.5837605474346,83.252625966485,-3.34712947192068,0.00157719469977108,0.46438376626021,-4.55956389868363,2,0,12,14
"572","SLC43A1",-2111.26449932605,5133.96639848452,-2.05761851535745,0.0449809662010226,0.682628395765314,-4.58238961991186,6,0,30,36
"573","SNORA14B",-1273.61541013942,1720.96829939333,-2.28086663544524,0.0269528639833344,0.655951005102692,-4.57886689172125,1,0,15,16
"574","SNORA26",-889.182923997111,1587.53748443457,-2.07460464390499,0.0433100672629506,0.680681114376166,-4.58213003613743,2,0,5,7
"575","SNORA31",-3859.51787419593,5073.32894023346,-2.01421163479863,0.0495075377328826,0.694911884366827,-4.58304631040772,1,0,2,3
"576","SNORA58",-677.165046631996,846.545817763661,-2.04637030212093,0.0461180295261999,0.686778455467582,-4.58256071458082,1,0,4,5
"577","SNORA8",-11513.0889385148,16136.6462457403,-2.3578579164562,0.0224271625136747,0.640618103220213,-4.57759944857377,0,3,15,18
"578","SNORD103A",-112.301905119666,143.918420163638,-2.34031100309949,0.0233940927380335,0.647122346923979,-4.57789053765058,1,1,5,7
"579","SNORD45A",-124.817864426128,225.221350833415,-2.30657035274127,0.0253587597373589,0.651418442137909,-4.57844659146975,0,1,2,3
"580","SNORD60",-92.5250991410843,158.732473185333,-2.67382422008158,0.0101672705466664,0.579528014128809,-4.57215265197113,3,1,9,13
"581","SNORD8",-1030.73765837928,1572.11837298283,-2.27481802711794,0.0273407140037972,0.655951005102692,-4.57896537564998,1,0,21,22
"582","SNTB1",-2032.25246333001,5631.35742086091,-2.13588133909042,0.0377236687801429,0.670617873206242,-4.58118170020451,1,0,4,5
"583","SPACA4",-1.92028338553181,1.28368167942946,-2.40000003703331,0.0202496609235092,0.638155417236238,-4.57689511507168,1,1,3,5
"584","SRP9",-686.085179722235,1924.54725281791,-2.98971335745131,0.00436231700633881,0.55764740722507,-4.5663802585075,3,1,9,13
"585","SSR1",-1333.40507357405,8803.02293359669,-2.30426837505789,0.0254980168001725,0.651724305620289,-4.57848435018397,1,0,5,6
"586","SSX2IP",-1109.57832257934,2148.33231552285,-2.85216811375367,0.00634649352368817,0.565705210983799,-4.5689281877561,1,1,19,21
"587","ST7",-821.487281177122,1202.90562479309,-2.78718020199343,0.00755049682120153,0.565705210983799,-4.57011421974783,1,1,2,4
"588","STAB2",-192.771785251616,135.011784460666,-2.38728931535687,0.0208855136441869,0.64025493504271,-4.57710832232819,1,0,3,4
"589","SVIP",-497.192813393593,1254.38392234246,-2.01286568464761,0.0496539801679011,0.695088803239877,-4.58306651814066,2,0,4,6
"590","SYBU",-124.023300549571,67.7678046221067,-2.6066532412119,0.0120872901061096,0.603003093519485,-4.57334097897664,1,0,9,10
"591","TFPI2",-8.16083641935322,4.47124231215943,-2.05662439987025,0.0450804687103983,0.682628395765314,-4.58240476705487,0,3,7,10
"592","TGFB2",-19.2322905473422,14.3368422014281,-2.2737453874524,0.0274100098656146,0.655951005102692,-4.57898282357855,0,5,33,38
"593","THEM5",-1621.09453578215,926.420813564733,-2.53833230978153,0.0143748657501444,0.607529672626876,-4.57453361227743,2,1,30,33
"594","TMC1",-5.58116340921705,2.8048885199897,-2.721562284042,0.00897744037635595,0.567261071437225,-4.5712990873472,0,1,8,9
"595","TMEM106C",-1356.15284084449,3110.34546684461,-2.23647310213701,0.0299169568636744,0.66470038704382,-4.57958591894538,1,0,7,8
"596","TMEM141",-281.700872366011,1046.40293065199,-2.0651052855985,0.0442377183203013,0.68092809478262,-4.58227538520211,3,0,6,9
"597","TMEM231",-8.21432719208657,12.7647506786031,-2.12769620361331,0.0384313349120312,0.670617873206242,-4.58130943929177,1,0,2,3
"598","TMEM98",-240.429175503451,155.514071864635,-2.27805830939692,0.0271323270065924,0.655951005102692,-4.578912637199,0,1,4,5
"599","TMPRSS15",-7.44094539369871,2.30280391976003,-2.47857763314087,0.0166910657591297,0.615308093686932,-4.5755627374122,0,1,1,2
"600","TOMM7",-2737.93075984397,8130.60910861124,-2.27061433564808,0.027613179743601,0.655951005102692,-4.57903372520617,2,0,7,9
"601","TOP2A",-7592.4556624545,10387.6592063081,-2.40411195173635,0.0200477210689051,0.634864874215602,-4.57682600189115,4,1,14,19
"602","TPRN",-215.903099729983,669.068691420225,-2.29096811261598,0.0263160425941798,0.655951005102692,-4.57870205956866,1,0,6,7
"603","TRIM59",-25.7697503898685,57.6679025196231,-2.36118699104108,0.0222478067516105,0.64025493504271,-4.57754407612241,4,0,2,6
"604","TRIP13",-338.093330065032,693.590931708111,-2.03343419384368,0.0474564918774618,0.690378965169742,-4.58275668760798,1,0,10,11
"605","TSPYL1",-953.968226426876,5595.54366016122,-2.13275697725114,0.0379924334763886,0.670617873206242,-4.58123049796026,1,0,5,6
"606","TTK",-682.722684773846,1179.06816250953,-2.22541181530766,0.0306990591634917,0.66487275757254,-4.57976369383145,5,3,31,39
"607","TUBA1C",-6702.85822561059,20789.0810149738,-2.3315918163874,0.0238883032358015,0.649071172185619,-4.57803469814344,1,0,14,15
"608","TUBA4A",-6853.9865488195,10405.7068104677,-2.20682912002222,0.0320537643022553,0.668413443462454,-4.58006109129283,5,0,21,26
"609","TUBA4B",-35.186950980221,49.4958789300427,-2.16010718858506,0.0356957061712016,0.670617873206242,-4.58080173684512,5,0,21,26
"610","TUFT1",-223.753264284561,276.174168537906,-2.75495495235682,0.00822283585821549,0.565705210983799,-4.57069775196526,6,1,39,46
"611","TUSC2",-110.132424058739,414.401548207066,-2.01457406689025,0.0494681681751719,0.694911884366827,-4.58304086734626,1,0,9,10
"612","TXNDC5",-8157.13465339481,9950.87616225082,-2.76860927660319,0.00793148046596243,0.565705210983799,-4.5704508811042,0,1,4,5
"613","UBE2C",-1037.86539510029,1155.58387858485,-2.6759813528944,0.0101105252434461,0.579528014128809,-4.57211424065211,3,0,13,16
"614","UCHL1",-2381.04748689127,751.68046480593,-2.21425571170478,0.0315061427550873,0.667026402965753,-4.57994242652716,4,1,18,23
"615","UPK3A",-69.2289139413882,46.9148232645531,-2.06009799722007,0.0447336226159914,0.68092809478262,-4.58235181877331,0,1,3,4
"616","UQCR10",-424.018528167653,2043.00451456644,-2.01563879655402,0.0493526673741139,0.694754360004994,-4.58302487313709,1,0,1,2
"617","WNT11",-16.9305334779471,21.4559313883498,-2.27527094364833,0.0273115010000005,0.655951005102692,-4.57895800682422,1,0,5,6
"618","XKR6",-75.5994892755415,118.700484219081,-2.17329425621221,0.0346326041495344,0.670617873206242,-4.58059373186912,1,0,5,6
"619","ZNF205",-57.8358818082997,78.9958861499898,-2.73567202311777,0.0086511293570576,0.566935524490582,-4.57104541989791,1,0,3,4
