"","logFC","AveExpr","P.Value","hgnc_symbol","sens"
"1",1.61654685459919,5.85914793114955,0.014616609778074,"TFPI","up_regulated"
"2",2.44737803661756,-2.35316615226991,0.0232846428852621,"NOS2","up_regulated"
"3",-3.32313462540125,7.39722356049803,0.0354058340204217,"STAB1","down_regulated"
"4",-1.93714378127639,-2.35065388586652,0.00868472579291294,"CLDN11","down_regulated"
"5",-1.98927331521859,-2.24033187860129,0.0416196725122132,"IGF1","down_regulated"
"6",-2.40043963836778,-2.96721995676966,0.00119073053660997,"ATP1A2","down_regulated"
"7",-1.85760523926016,-4.0742661620133,0.00608815546171741,"EFCAB1","down_regulated"
"8",-1.82353434934847,0.91830994497209,0.0455958677925974,"RAI14","down_regulated"
"9",-2.07692154008012,-3.28850837824282,0.0170343544163589,"CDH10","down_regulated"
"10",1.63952024659471,1.80710602533162,0.00879340758781051,"SCML1","up_regulated"
"11",-1.83328106306834,1.6943500393407,0.0177540889438904,"TNFRSF17","down_regulated"
"12",-1.8300688677646,0.939473158928867,0.0218561615330776,"KITLG","down_regulated"
"13",-1.97404045636113,-0.691780439421721,0.0396329396086204,"BCAR1","down_regulated"
"14",1.52005671986253,-2.36366488080779,0.0152955757610496,"ENTPD2","up_regulated"
"15",-2.55733076979374,5.14009943194628,0.000335850862025407,"GALC","down_regulated"
"16",1.52476303802653,3.88094608590634,0.00220388023316021,"DCBLD2","up_regulated"
"17",-1.73729787817113,-3.26711654709844,0.0264960062661717,"PRDM6","down_regulated"
"18",-2.49043104232042,3.08833104841114,0.016540951160967,"LTK","down_regulated"
"19",-2.23430492968249,3.01274490279413,0.0214741320114689,"SLC9A3R2","down_regulated"
"20",-2.50350993536293,4.65166714139289,0.0106066539960811,"ROGDI","down_regulated"
"21",-1.5194632457935,-1.7996637860625,0.0474814755780002,"ATP2B3","down_regulated"
"22",-2.49221001865449,-0.466963606809765,0.0174474574334253,"ABCC9","down_regulated"
"23",-2.60790794661182,3.47690316096153,0.0318108322154553,"CLTCL1","down_regulated"
"24",-1.64014521956707,2.40755515386589,0.0430858409628652,"IRAG1","down_regulated"
"25",-2.0765930667961,0.239742260015082,0.0109686439262297,"FERMT2","down_regulated"
"26",-3.32966697056533,-0.306027419254716,0.0139921163211855,"CD5L","down_regulated"
"27",2.08941697878133,-3.2163946806733,0.0436722853390916,"PPP2R2C","up_regulated"
"28",-1.83433537581565,2.36956026641427,0.0400221708345114,"PLXNA2","down_regulated"
"29",4.34773539998451,0.967734487225554,0.00403815577863636,"SPAG6","up_regulated"
"30",-2.1834417512775,-2.88963828351918,0.00471918977106293,"ACTN2","down_regulated"
"31",-2.17095910252251,-0.562093003335699,0.0293130842683468,"MOXD1","down_regulated"
"32",-2.87200997154648,-0.886892727733903,0.0419934234893459,"CADPS2","down_regulated"
"33",-1.75664597934778,-3.34015808519097,0.0324124881197584,"PGR","down_regulated"
"34",-2.03767723190276,-2.70385900232154,0.0259643621878181,"SERTAD4","down_regulated"
"35",-1.74988650110461,2.19512963098022,0.0421558534428971,"CTTN","down_regulated"
"36",-1.91945009678311,2.80204976823169,0.0186435154332802,"NME8","down_regulated"
"37",-3.46835786784222,1.93857170470658,0.0462052759150385,"ADAMTS2","down_regulated"
"38",-1.76884044902052,1.65121163680402,0.0309379326455731,"CETP","down_regulated"
"39",-1.71435145471492,-2.46758366189093,0.0303638633008231,"FXYD3","down_regulated"
"40",-2.02752346460751,-1.25466858453695,0.017717161639628,"HEPH","down_regulated"
"41",-2.46422101217157,-0.347075692556769,0.0243450748732195,"P3H2","down_regulated"
"42",-1.83991282063259,3.58737126667606,0.0170067910791841,"NLRC4","down_regulated"
"43",-1.51712273957616,1.6852760414594,0.0285929237471886,"SLC7A8","down_regulated"
"44",-2.14526847291286,-2.91436435205764,0.00999228976218961,"TBX15","down_regulated"
"45",-2.55295540138643,-1.97566136105437,0.0220136891426767,"EPB41L4B","down_regulated"
"46",2.67085880783543,0.141330474363908,0.0356239428904986,"TLL2","up_regulated"
"47",-1.89700588218285,3.50173165325107,0.028504911263188,"GGT5","down_regulated"
"48",-2.642429697516,-0.151523539343694,0.0289416162526482,"SLC5A4","down_regulated"
"49",-1.85370656305254,3.17817100320547,0.0456544851760157,"HMOX1","down_regulated"
"50",-2.2589170241887,-1.95314518692795,0.019263445903302,"UPK3A","down_regulated"
"51",2.18581748107429,1.02767977590248,0.0182072374758732,"TRIM9","up_regulated"
"52",1.78365429133263,-1.65783143257247,0.0369729162425916,"CCDC198","up_regulated"
"53",-2.54558686110243,-2.43720465861777,0.00264945396931049,"EFS","down_regulated"
"54",-1.80380660351654,-4.45405543630255,0.00225676920569055,"DOK5","down_regulated"
"55",-1.54511063582644,-4.31953879656247,0.000934781074997714,"SEL1L2","down_regulated"
"56",-2.09567886247454,-3.0446319981237,0.0134105202072336,"FGF14","down_regulated"
"57",-1.80814240632982,-3.77551116486624,0.0125922450720374,"NECAB2","down_regulated"
"58",-2.06682818545116,1.01191213762093,0.0482233636590275,"CD276","down_regulated"
"59",-1.57333137703652,4.60749940910501,0.00674054478786425,"HOMER2","down_regulated"
"60",-2.24256727253521,-3.3274007267437,0.00574286825084817,"PDGFRL","down_regulated"
"61",-3.97703203903651,0.981057156792806,0.0250116554703619,"RETN","down_regulated"
"62",-1.79678898382396,-2.31365227773191,0.0470760646076537,"EBI3","down_regulated"
"63",-1.87946675170997,5.9740400047565,0.0169810691898601,"CD33","down_regulated"
"64",-1.83249562011019,-0.150107309758666,0.0413120595547244,"LILRB5","down_regulated"
"65",-2.09366362203421,-3.72174396985505,0.00411339907707411,"PTN","down_regulated"
"66",2.82132302828124,-3.91570663668103,0.0429479360913602,"HOXA13","up_regulated"
"67",1.88891838273216,2.85030611472241,0.0478049018879933,"SERPINE1","up_regulated"
"68",1.63095778783294,4.87213243174193,0.01749551968204,"AEBP1","up_regulated"
"69",2.16855203273432,4.91544133226936,0.0251524414892248,"NPDC1","up_regulated"
"70",-1.92866388365416,5.68936884612715,0.0108452191764856,"RASSF4","down_regulated"
"71",-2.62588759127885,0.685726782503725,0.0495743079993138,"EBF3","down_regulated"
"72",-1.78504191798718,-1.05806008152831,0.00990538190693688,"ASPA","down_regulated"
"73",-1.50496154649924,0.49164753789145,0.00696243274623635,"SEPTIN4","down_regulated"
"74",2.80722590594779,-1.00541944679497,0.031421536106191,"HOXB6","up_regulated"
"75",-2.60580617461126,-1.68877074449354,0.0221630125393448,"CCL2","down_regulated"
"76",-3.38949315014013,-1.25437774563778,0.0293714668733464,"NMU","down_regulated"
"77",-1.86729273021705,3.26353351219743,0.0235540095379817,"TBC1D9","down_regulated"
"78",-2.3302261645618,-3.2102865374675,0.0113470835407811,"CPE","down_regulated"
"79",-2.96208894982276,4.69538244401507,0.000311780280853074,"BST1","down_regulated"
"80",1.71659864493524,2.17860857682222,0.0348240398733911,"SNX25","up_regulated"
"81",1.68708457033244,1.38548412035061,0.026788008520879,"LRP2BP","up_regulated"
"82",-1.73967287208284,-3.92345619961896,0.00355348500148688,"P2RX3","down_regulated"
"83",-3.08025422930163,-0.775456329002181,0.0222276478101116,"FOLR3","down_regulated"
"84",2.11517764331546,-2.1982119438608,0.0296845833144937,"KIAA1549L","up_regulated"
"85",-1.60937099422535,4.00592157845718,0.0366371428656734,"POU2AF1","down_regulated"
"86",-1.98264655332637,0.105204071524819,0.00298817348550687,"WNT5B","down_regulated"
"87",-1.53693607084041,0.855541402537153,0.0119868675270729,"TBC1D30","down_regulated"
"88",-1.92380564886486,-2.87795110607474,0.026773534582531,"NANOG","down_regulated"
"89",-2.98615677002152,0.243935780389499,0.0415851978147583,"SASH1","down_regulated"
"90",-2.24197948508633,-4.09711152190056,0.00150131231384605,"EYA4","down_regulated"
"91",-1.58265147688412,-4.23124798992072,0.0202114486642008,"PACRG","down_regulated"
"92",-2.86229888293686,-2.12064097577348,0.0300954247656854,"TBX18","down_regulated"
"93",1.77865741670113,-0.223028191441556,0.0213221883851809,"PCDHB15","up_regulated"
"94",-1.53463825129595,-4.65814071288375,0.000198117021278609,"IRX4","down_regulated"
"95",-2.65346192249525,-2.71403237724849,0.0321924705848136,"WNT5A","down_regulated"
"96",-1.69821020591894,-4.14008547233689,0.0159249383904891,"CCL20","down_regulated"
"97",-1.63705575415046,-3.02492697102994,0.0414947928865885,"FNDC4","down_regulated"
"98",-2.82589289956723,2.88286515727003,0.0151956186816918,"SDC1","down_regulated"
"99",-2.96121868456842,3.75325077615241,0.0179454791212079,"KYNU","down_regulated"
"100",-2.12455517853541,3.23607809392954,0.000176676473091447,"EPAS1","down_regulated"
"101",-3.01880228820237,-1.23026601466897,0.0436978603392914,"PARD3B","down_regulated"
"102",-2.33905336387964,-2.37081882967308,0.00342617027843369,"MARK1","down_regulated"
"103",-1.833296292404,4.11760156271014,0.00320016947679013,"RHOU","down_regulated"
"104",-1.64515802037039,6.25463538040633,0.0441518762128805,"NCF2","down_regulated"
"105",-1.67029269906386,0.971896965441256,0.03658631816255,"OLFML3","down_regulated"
"106",-2.80910204011184,4.42795707567988,0.0398053727354449,"NID1","down_regulated"
"107",-2.59735793774917,3.63661105056551,0.00917269417832639,"SIPA1L2","down_regulated"
"108",-2.13497957283071,0.428956441583077,0.0361172795386566,"ADGRL2","down_regulated"
"109",-1.94199265767961,-2.97494227345108,0.0250493068806201,"MROH9","down_regulated"
"110",-3.18999155251583,1.28402222645738,0.0179679048186915,"NRP2","down_regulated"
"111",-2.51568199135413,-2.40749193961489,0.00191165402867778,"ADGB","down_regulated"
"112",-1.65869169349898,0.476608004171855,0.037305012687335,"SATB2","down_regulated"
"113",-2.37898016012072,-1.9211916721689,0.0331592345615061,"ELOVL3","down_regulated"
"114",3.50766446120456,-2.79299227888225,0.0228018436113569,"NKX2-3","up_regulated"
"115",-1.52403475347787,-3.61320396191683,0.033439815369566,"PPP1R3C","down_regulated"
"116",3.50154037719466,-0.722067849190058,0.00705046113336844,"HOXB5","up_regulated"
"117",3.27958607008826,3.66692732729569,0.00248861873005169,"HOXB3","up_regulated"
"118",2.01227752118759,0.188100598666415,0.025320549390997,"PCDHB14","up_regulated"
"119",-1.87725100364786,-3.59189686436042,0.00717815714901559,"TNFSF18","down_regulated"
"120",2.28686279645576,4.80904938921603,0.013194084711259,"SOCS2","up_regulated"
"121",-2.13493885285476,-2.42771675017638,0.0318643194364185,"KCNJ8","down_regulated"
"122",-2.86561152161291,-2.09763372849801,0.0153701837364031,"PDZRN3","down_regulated"
"123",2.10038858772972,0.851916637668216,0.00752926831099001,"HCRTR1","up_regulated"
"124",-2.01870727004923,-2.99625075455564,0.045547894840071,"CPXM2","down_regulated"
"125",1.84222672986756,8.47838953947885,0.00220689165004887,"FLT3","up_regulated"
"126",-1.90493323311569,1.92488667541898,0.0161917422368199,"CALD1","down_regulated"
"127",-1.9135137917379,1.32817207885269,0.00305342910748491,"BHLHE41","down_regulated"
"128",-2.6522197850523,0.155162716792652,0.0022428894806407,"TNFAIP6","down_regulated"
"129",-3.00725642337354,-1.33456992422341,0.0376209221006725,"KCNJ2","down_regulated"
"130",-1.57396564075543,2.35750026587014,0.0470879619812032,"CDH26","down_regulated"
"131",-1.50681634425385,-3.59752252922192,0.0258607876611617,"PCK1","down_regulated"
"132",-2.03736911808469,-2.29663305633808,0.0050943776356299,"BTN1A1","down_regulated"
"133",-2.10044391937123,-2.36808941954318,0.0433430074462792,"COL21A1","down_regulated"
"134",1.5599631000222,5.50417048928134,0.00966995443521443,"IL1B","up_regulated"
"135",-3.87925470485185,6.090986744702,0.000781207217279487,"CD93","down_regulated"
"136",-1.74282456497465,-4.46948452001627,0.0136636452007684,"PLAAT1","down_regulated"
"137",-2.93913654798171,1.01874886399168,0.0271704630743478,"PTPRB","down_regulated"
"138",-1.90597495775593,1.74807199334883,0.0415175736386151,"STEAP4","down_regulated"
"139",-2.23982271365617,0.325792076038301,0.025189959302179,"KDR","down_regulated"
"140",-2.14453958204436,-1.80169205202995,0.0166254237378791,"RFPL2","down_regulated"
"141",-2.31098634805798,0.712091765390829,0.0235621534926757,"CDC42EP1","down_regulated"
"142",1.74946985271343,2.32361597891393,0.0201568039474285,"SMO","up_regulated"
"143",-2.11806797048348,1.00378209991574,0.0190944391065483,"RNASE1","down_regulated"
"144",-1.91641424029589,4.21426537037811,0.0271034130801901,"STARD8","down_regulated"
"145",-1.80547587250821,1.06674280543112,0.0325824011227224,"PLVAP","down_regulated"
"146",-1.75337448509052,2.8260076503365,0.00827715897597189,"KLHDC7B","down_regulated"
"147",-2.31080366903204,-1.69610018774723,0.0075027696576627,"GALNT15","down_regulated"
"148",-2.12804062844193,-3.80882433753758,0.00568535499121496,"SNAP25","down_regulated"
"149",-2.28726157517912,-1.90123367343501,0.00940131395640411,"ATP1A4","down_regulated"
"150",-1.64204872847418,-3.00823785320127,0.0496031651978793,"BHMT2","down_regulated"
"151",2.24421480256828,-3.59513798812605,0.033424929273364,"RNF17","up_regulated"
"152",-2.04372096269113,-1.13870526901227,0.0348901615680812,"DCLK1","down_regulated"
"153",-2.8369903480609,-1.51585422786769,0.00238990619703049,"KL","down_regulated"
"154",-1.97496904394117,1.35209476917006,0.0344143208319308,"STARD13","down_regulated"
"155",-2.95897295781543,1.9990570856786,0.0417384780222861,"LGALS12","down_regulated"
"156",-1.81086674197522,-2.9004242088367,0.00948514387056972,"MRO","down_regulated"
"157",-1.55340397226114,2.70997618664787,0.0143767437189222,"PSRC1","down_regulated"
"158",1.76490175414822,1.87098481630694,0.0310993086205012,"SPIRE1","up_regulated"
"159",1.61739068605848,-4.92070784774363,0.0301960767914465,"RAX","up_regulated"
"160",-2.51590444111145,2.30009533476061,0.000937291269305879,"C5AR2","down_regulated"
"161",-3.1848092196544,0.840837209267125,0.037886394488052,"COL4A2","down_regulated"
"162",-2.05095640636355,3.92128579272051,0.0171700870501392,"HAVCR2","down_regulated"
"163",1.94932553102443,1.16561165519465,0.0362239469960075,"DTX1","up_regulated"
"164",-3.37298570705268,5.27471738493107,0.00304816669009342,"DYSF","down_regulated"
"165",-2.37991564888236,2.95882993361959,0.0117800188722257,"CPM","down_regulated"
"166",-2.12412501368486,3.90465541662249,0.00786626087665599,"NPL","down_regulated"
"167",-1.62221310293061,-3.27435370091647,0.0184728229978072,"SLC19A3","down_regulated"
"168",-1.6029541682594,4.50316274202689,0.0283744458346536,"CKAP4","down_regulated"
"169",1.58454296855786,7.84720478966658,0.0130577608827624,"FLNB","up_regulated"
"170",-2.03939269990229,0.412263138577854,0.0276252571216565,"GPNMB","down_regulated"
"171",-2.58678233175635,0.109191551652622,0.0185462697081477,"RAPGEF5","down_regulated"
"172",-2.06949316837444,0.82593852443062,0.00512594373928027,"CIDEB","down_regulated"
"173",-1.75313126549528,-4.09975594036386,0.00319833795118505,"SCN7A","down_regulated"
"174",-2.35254371197686,-0.318462015880404,0.0491158277465497,"IL10","down_regulated"
"175",-2.36221719231006,1.94481722240814,0.0247227000729202,"MYO7A","down_regulated"
"176",-2.33372803074468,-0.0104778369243026,0.0294786376252641,"SLCO2B1","down_regulated"
"177",-2.52387252226666,-1.23476228418739,0.0291979509739301,"YAP1","down_regulated"
"178",-1.81618005906369,-0.160497909078598,0.0484089420208697,"ARHGAP29","down_regulated"
"179",-3.19488203653068,3.27518264034035,0.0019398631123438,"CYP1B1","down_regulated"
"180",-1.8477926211403,-3.1972751325296,0.0233110489342271,"CH25H","down_regulated"
"181",-1.96358975244734,-3.41574804830116,0.00814403912595083,"RBP4","down_regulated"
"182",-2.04133389784576,2.17987374533598,0.00952237651962609,"ARHGAP24","down_regulated"
"183",-1.73228741136728,-4.00524640002451,0.0392588512997533,"PCDH10","down_regulated"
"184",-2.85266785701731,-0.93441159600656,0.0319303936327891,"CXCL9","down_regulated"
"185",-3.22096233927078,3.38847261518798,0.0433401862962208,"FBN2","down_regulated"
"186",2.4834972590538,3.63245262976378,0.032555639052475,"CPNE8","up_regulated"
"187",-1.99766845288966,4.37956685793033,0.0251331738272389,"FGD4","down_regulated"
"188",-1.94621346045635,-2.40196279275598,0.0400893733741809,"LRIG3","down_regulated"
"189",-2.48956358480523,0.441552352088954,0.0240769093359392,"ACVRL1","down_regulated"
"190",2.21328880186305,4.93672367606926,0.0223489955390334,"STON2","up_regulated"
"191",4.28652843731492,-1.35096428907183,0.00142104774814442,"RHCG","up_regulated"
"192",-2.18065237031035,-2.05261672453292,0.0211511611054297,"SEPTIN12","down_regulated"
"193",-1.53205389196166,5.75025566990134,0.0201892231531777,"ZFHX3","down_regulated"
"194",-2.03470486475927,0.639688123849659,0.0247677782949551,"CDH13","down_regulated"
"195",-2.5618249991271,-2.26310992098903,0.00566952467956691,"CBLN2","down_regulated"
"196",-2.00422444192598,2.98959953856359,0.0201237167878334,"IGFBP4","down_regulated"
"197",-2.72228771364347,3.12600831573357,0.0469487073940139,"NLRP12","down_regulated"
"198",-1.60849305828489,4.03593936876414,0.017151752936689,"SIGLEC10","down_regulated"
"199",-2.12889765569859,1.86032193190236,0.00205044807282907,"RGL1","down_regulated"
"200",-1.5973756560933,0.429336396222646,0.0200294070732956,"HORMAD1","down_regulated"
"201",-1.8108199430123,0.961347833201923,0.0431554885635931,"KCNN3","down_regulated"
"202",-1.9253099158504,3.04356847678964,0.0412867159137444,"MAP3K21","down_regulated"
"203",-1.7021490999519,2.06655851821534,0.0199177010347816,"PPFIA4","down_regulated"
"204",3.71759284439305,4.42109237126851,0.00185901700644979,"MEIS1","up_regulated"
"205",-1.78964116714467,-4.44590546457055,0.00449147718580899,"GALNT13","down_regulated"
"206",-2.51635527970245,-3.06189555900978,0.0122246575632354,"ZNF385B","down_regulated"
"207",-3.63508192811777,3.53953300040169,0.0150209742657238,"PTH2R","down_regulated"
"208",-2.2789703698025,-3.67570905368687,0.0199305052415506,"NYAP2","down_regulated"
"209",-1.57177184707067,-0.602877280218463,0.023008159455479,"MYH15","down_regulated"
"210",-2.75400371150707,-1.33564564391045,0.0122769002034318,"SLIT2","down_regulated"
"211",-2.26350137503238,1.53644969153477,0.00663161535347953,"MYO10","down_regulated"
"212",-2.25949610465242,5.16664001392151,0.00472486799520749,"OTULINL","down_regulated"
"213",-1.78038978864589,-3.58605575326895,0.0110025354380998,"BHMT","down_regulated"
"214",2.34085279057989,-1.53209105718226,0.0211522619850501,"TSLP","up_regulated"
"215",1.52618151500961,-0.787704744604547,0.0466804085727117,"PSD2","up_regulated"
"216",1.74497251887967,4.14913676403278,0.0406838598956789,"TNFRSF21","up_regulated"
"217",-1.51088888209001,-3.97585171233757,0.0182598475117619,"HMGCLL1","down_regulated"
"218",-3.36862775773761,-1.94260407476851,0.0347830657700205,"LGSN","down_regulated"
"219",-2.32404629964535,-0.839172197665942,0.0233025883629753,"SLC2A12","down_regulated"
"220",-2.05129620738479,0.0262932440321097,0.0478379449335349,"SLC22A3","down_regulated"
"221",-1.96437495793654,-0.977240106942933,0.039541053029406,"EGFR","down_regulated"
"222",-2.7745794567894,-2.53100159950443,0.00245855709784562,"TMEM47","down_regulated"
"223",-2.21487864744165,-3.55415441708076,0.0302966627840268,"IGSF1","down_regulated"
"224",2.58031910489428,2.74583005940299,0.0376364613544433,"FAM171A1","up_regulated"
"225",2.11456839055624,1.59682546395306,0.0445579595453101,"PARD3","up_regulated"
"226",-1.87487590656107,3.25172506455312,0.0498104270307909,"LRMDA","down_regulated"
"227",2.31888060275982,-3.0229703331557,0.00628856252163183,"NPFFR1","up_regulated"
"228",-2.99321836271473,-0.534111467896939,0.0274157663972118,"ZNF215","down_regulated"
"229",-2.38993292893122,-1.32953594514101,0.00361932477334701,"ADAM33","down_regulated"
"230",-3.30703941055189,1.8837457942952,0.0419425452050576,"MS4A2","down_regulated"
"231",-2.14992449525845,3.36197360743498,0.0175423975873196,"ESAM","down_regulated"
"232",1.69512761025383,1.30042212919031,0.0453460075988116,"CNKSR2","up_regulated"
"233",-1.73363753904152,-2.2492237368431,0.030120310331132,"MKX","down_regulated"
"234",-1.64879285010796,-4.23165188086206,0.00450688063370389,"FXYD4","down_regulated"
"235",-2.32086377950944,-0.606370653701318,0.0444949202389165,"VEGFC","down_regulated"
"236",1.68883298821106,4.58704900663589,0.0493249575393588,"BTBD11","up_regulated"
"237",-1.85112642685564,-3.94055015049066,0.0036554287242416,"MAT1A","down_regulated"
"238",1.68037864271358,4.40969009970465,0.00648856375249226,"ME3","up_regulated"
"239",-2.24439686634142,-2.2419732268549,0.0478008319105611,"TDO2","down_regulated"
"240",1.90840073691354,-1.8823561222285,0.0377826877671375,"SLC35F4","up_regulated"
"241",-1.89657803058626,-2.44858471874945,0.0216175974715913,"GABRA2","down_regulated"
"242",-3.33873476705338,1.48000941077474,0.0304593085871499,"GLT1D1","down_regulated"
"243",2.54352251190773,2.94806593062993,0.0177025460452026,"SCHIP1","up_regulated"
"244",2.97950500760774,2.50661314223799,0.00277372862870948,"CYSLTR2","up_regulated"
"245",1.74957786850985,-4.83728876875831,0.0363276136631437,"G6PC2","up_regulated"
"246",2.70724165931876,-3.12186936273476,0.0103506814932325,"CLEC4F","up_regulated"
"247",1.70716698737291,4.94073988643454,0.0121682083176717,"RASGRP3","up_regulated"
"248",-1.58297191377325,-3.37170769926449,0.0475894625956838,"GRM1","down_regulated"
"249",-2.00332788228234,1.46653597152206,0.0341200602733501,"BMP6","down_regulated"
"250",-1.69437289669625,-3.73068194830295,0.036991465799809,"OR14K1","down_regulated"
"251",4.15067991538773,2.04306427581516,0.00662381757802871,"SCN3A","up_regulated"
"252",3.45610580267849,-2.20986113339381,0.0164667122721488,"ADGRF1","up_regulated"
"253",2.22978461494291,-2.24902052018879,0.0122154488713362,"PLEKHG4B","up_regulated"
"254",-2.22597568707399,-2.95071688927321,0.00336229940525047,"CIBAR2","down_regulated"
"255",1.85243857135964,8.13253099416431,0.00094721125351783,"MSI2","up_regulated"
"256",-3.60052935096145,-2.10937203625596,0.00012423924201135,"CACNA2D1","down_regulated"
"257",-2.26676967815704,-2.62221571146814,0.0114186722952614,"SEMA3D","down_regulated"
"258",-2.42125661276934,4.70752997943411,0.0246748205287045,"NRGN","down_regulated"
"259",2.18954733012083,2.46378008489803,0.0143984817488571,"ABCA9","up_regulated"
"260",-2.76505876719702,-0.298163107067028,0.023618748180334,"ENPP3","down_regulated"
"261",3.11445708769633,2.3670846161523,0.00159578940040157,"ENAH","up_regulated"
"262",2.10872958320527,-1.45501520731119,0.0209678958896155,"PDE1C","up_regulated"
"263",-1.84461420189676,-1.18640518981147,0.0347873739304769,"KCNMA1","down_regulated"
"264",1.7740934065514,3.00718360710626,0.0433408652551453,"ZFYVE9","up_regulated"
"265",-3.03449985831975,-1.24431230366843,0.0481704429050555,"TIMP4","down_regulated"
"266",-3.11637560789354,1.51300815768162,0.0294417295989324,"CACNA2D3","down_regulated"
"267",-1.8579355170146,-3.26107748800368,0.0374662651757112,"NLRP14","down_regulated"
"268",-2.16934526837735,1.05872687766076,0.0307964748045024,"MRAS","down_regulated"
"269",-2.85521352525756,3.13002785999747,0.0139024650772241,"CD1D","down_regulated"
"270",-2.02222736093858,3.27619777315538,0.0481503513963842,"NCF1","down_regulated"
"271",1.80124435003442,2.32030904372777,0.000936564741844277,"NPM2","up_regulated"
"272",2.15651630435568,1.16349661318577,0.0014303989615765,"FGF17","up_regulated"
"273",-3.71589595522188,2.07939448369384,0.010602762660168,"CDA","down_regulated"
"274",-2.01194942188677,-3.35755525046259,0.0143370113730687,"STC1","down_regulated"
"275",-2.98991782314563,1.06010851290734,0.0322883319434422,"C1QC","down_regulated"
"276",1.68484210162836,-4.17762702763253,0.0415706080865886,"PIP","up_regulated"
"277",-2.57034329500367,-3.1426237129719,0.00496437528114326,"FCN2","down_regulated"
"278",1.53329262095623,3.66324996184538,0.00253943632597689,"PAQR6","up_regulated"
"279",-1.69742822740349,5.18809263210325,0.0143773507847649,"ZNF385A","down_regulated"
"280",-1.91437893934888,-1.90063061305117,0.0273210296260623,"CD300LG","down_regulated"
"281",-1.72767152509768,5.06658739780769,0.0493608497079222,"ACOT11","down_regulated"
"282",-1.61845440653846,0.941807333580575,0.0468819769038857,"FAM151A","down_regulated"
"283",-2.32535609247594,-0.363553570207013,0.00402160497612961,"RBP7","down_regulated"
"284",-2.34914691616836,1.85510556615648,0.0173818963996111,"SDC3","down_regulated"
"285",-2.47077360324221,1.69265206178746,0.0409873497015938,"ALPL","down_regulated"
"286",-2.20553864164004,4.8599166988249,0.000508418270413477,"HENMT1","down_regulated"
"287",1.63737076080399,5.9394389349624,0.0264021535575326,"GBP2","up_regulated"
"288",-1.9482964862572,-2.77531876581591,0.00382134462970131,"KCNT2","down_regulated"
"289",-1.7393737454103,2.43804489613818,0.0480594286432813,"OLFML2B","down_regulated"
"290",-1.78144283582833,5.58052712224603,0.0110068312014678,"S100A11","down_regulated"
"291",-1.55181832054327,-4.62475534092216,0.00219803202122547,"PDCL2","down_regulated"
"292",1.85242128775762,5.88521311135416,0.0175639833280609,"CPA3","up_regulated"
"293",-2.70798646137965,-2.16149434523839,0.0184031473412768,"TM4SF18","down_regulated"
"294",-2.98536698147998,1.59049675220931,0.026921528906795,"S100P","down_regulated"
"295",2.73982351980738,0.960869058785562,0.0148550899610652,"MST1R","up_regulated"
"296",-1.68520341549709,3.11037269782388,0.0466554134907065,"TMEM144","down_regulated"
"297",-2.25375864483055,-2.61076400614551,0.0163123743999877,"EGFLAM","down_regulated"
"298",-1.5583319842702,-0.418835489526405,0.0172371048771877,"SHROOM1","down_regulated"
"299",1.71972635017416,-0.283029281572694,0.0175820273196118,"TMEM200A","up_regulated"
"300",-2.27090855440445,3.95955378883222,0.0491202018349102,"DLC1","down_regulated"
"301",-2.14342178357941,-3.68717762985487,0.00208370436521691,"C8orf48","down_regulated"
"302",-2.00214264913817,-1.96416474373069,0.0209835035688984,"OSR2","down_regulated"
"303",-2.23993869156797,-3.10795031644058,0.0208601645626345,"DCSTAMP","down_regulated"
"304",-1.79412426070542,-3.61112086635419,0.049941602611205,"RASEF","down_regulated"
"305",-2.58348124931127,2.4070484450437,0.022563844755668,"FBP1","down_regulated"
"306",-1.82180353151056,-3.21719314485579,0.0368743363752102,"PKNOX2","down_regulated"
"307",1.71876848897546,0.917449814550741,0.0101806733828291,"DACT1","up_regulated"
"308",-2.50564730109575,0.096723382990245,0.0175529971620625,"BTNL9","down_regulated"
"309",-2.17192904783039,-3.04696145956494,0.00624828678855167,"HSPA12A","down_regulated"
"310",-2.4233301925463,-2.83596516165897,0.00821311616501216,"SPIC","down_regulated"
"311",-1.80388176984882,-4.43927600958878,0.000528932003198684,"TMEM100","down_regulated"
"312",3.94198158009228,-2.17282877105142,0.0035577789055415,"LMO1","up_regulated"
"313",-2.25817934662947,-3.18430225281815,0.0400804184029765,"WDR72","down_regulated"
"314",2.35277343916864,3.81813368690359,0.0177805522321206,"MFAP4","up_regulated"
"315",-1.83371796183625,-3.95035884604073,0.0243357033766401,"MC4R","down_regulated"
"316",1.91889465691092,0.35819577062506,0.0213210635508796,"ZCCHC18","up_regulated"
"317",2.61067499348554,5.73363806595019,0.000317658890203065,"MAP1A","up_regulated"
"318",1.79739735999489,4.52714121428772,0.0273068784900342,"PBX3","up_regulated"
"319",-3.88002722652163,1.7244135169043,0.00747317219410531,"LOXHD1","down_regulated"
"320",2.00178268524766,2.92740264172574,0.0108444021800874,"CORO6","up_regulated"
"321",-2.1546618996486,1.07543970828427,0.008732058530108,"SEMA6B","down_regulated"
"322",1.84639457143955,-1.58507190065784,0.0441627427089375,"KLK1","up_regulated"
"323",-1.7167070516042,1.87027076592531,0.0470406843206662,"RAB3IL1","down_regulated"
"324",-2.20819520422445,-3.09172003627581,0.000975369168266712,"TXNDC2","down_regulated"
"325",-3.35640453976119,5.30936606438395,0.00601157868759345,"RAB31","down_regulated"
"326",2.21771730562612,1.25657704807701,0.000247205834412165,"IL12A","up_regulated"
"327",-1.66651551911519,1.11242003124999,0.0433027227650226,"SIGLEC7","down_regulated"
"328",-1.74013054972841,-4.02165470531806,0.00575988704402526,"ZBBX","down_regulated"
"329",2.92252354694979,3.06564773236388,0.0271576021108979,"AR","up_regulated"
"330",-1.95947275229265,1.64418564707537,0.0161234387496561,"PARM1","down_regulated"
"331",-1.69654371347593,-3.0420716041617,0.00800482806758729,"PCSK9","down_regulated"
"332",-2.50177111013428,4.92268317468734,0.0204554558644342,"PTAFR","down_regulated"
"333",-1.79309471983534,-2.83383462745173,0.040514545034818,"NLGN1","down_regulated"
"334",2.13374662560905,3.21993008072425,0.0339412607433811,"TM4SF1","up_regulated"
"335",2.21672317223999,4.71601590043974,0.00673317095998789,"SMAD1","up_regulated"
"336",2.41447531678779,-0.329083607048124,0.0221779134103838,"TTLL6","up_regulated"
"337",-1.69322178728923,-4.53589571849364,0.00409596468473794,"OR10A2","down_regulated"
"338",-3.07414792497926,4.6102135890983,0.0333528921891633,"CYTL1","down_regulated"
"339",-3.21084471323122,4.45534205280295,0.00130864436951088,"OSCAR","down_regulated"
"340",-2.26694758440179,-0.916890065194392,0.00574880654010865,"TMEM37","down_regulated"
"341",-2.95047871095732,-0.915169929011688,0.00904366184840749,"GLOD5","down_regulated"
"342",1.55820912808375,6.45396072210954,0.0207319457643127,"COL24A1","up_regulated"
"343",-2.24988231807281,-3.18517978291477,0.00195050392564486,"UTF1","down_regulated"
"344",-1.56964009603408,3.27903520757581,0.0268715437932077,"SLFN12","down_regulated"
"345",2.95802024765704,-3.572716532072,0.00154620943285042,"PRL","up_regulated"
"346",-2.28982009180871,-2.69602822231925,0.0358566078838356,"ID4","down_regulated"
"347",3.15921590827955,4.35209357428663,0.00484531500847291,"NEGR1","up_regulated"
"348",2.20440021227234,-2.49545364467696,0.00033458787500178,"B3GALT1","up_regulated"
"349",-2.07651836137759,-0.327313684104013,0.0306246970695115,"GNG12","down_regulated"
"350",-1.63462437017979,-4.25084729988228,0.0266437695174753,"MAB21L4","down_regulated"
"351",1.59328857226147,-2.62899709728352,0.0157305756094021,"ACOT12","up_regulated"
"352",3.19080977278246,1.86595053816701,0.0225679754447656,"ARPP21","up_regulated"
"353",-2.31716135878098,-2.58991296430448,0.0164930032887072,"MAB21L3","down_regulated"
"354",-1.72532233767817,-4.11653499986472,0.0287644827141801,"TUBB8B","down_regulated"
"355",-1.85728578483812,-2.0497437733175,0.0179231728982999,"LIPM","down_regulated"
"356",-1.66682663469786,-3.70696454314128,0.00511169848562099,"SNCG","down_regulated"
"357",-2.65990267088651,1.50824618691925,0.0424545761620169,"C1QB","down_regulated"
"358",-3.20786546946729,1.72707920251403,0.00805167299253362,"C1QA","down_regulated"
"359",1.98282155996303,1.93021805106489,0.0330657923920899,"HOXB2","up_regulated"
"360",1.53280687155707,3.26148235459656,0.00991101348967203,"MARCHF3","up_regulated"
"361",-3.28797487747667,-0.169156118911025,0.0039921888314378,"PODN","down_regulated"
"362",-1.52850915457021,-3.72363191245313,0.0221415323537213,"TRAM1L1","down_regulated"
"363",2.43706571218868,-0.697270888736624,0.00223965613970998,"SEZ6L2","up_regulated"
"364",-1.62443644866327,1.07523975573932,0.0313934997376446,"FUT1","down_regulated"
"365",-1.55869819580453,-4.65074558369389,0.00216241067742045,"ZIC4","down_regulated"
"366",-2.03684036377081,1.84140566645797,0.0377508688210451,"LPL","down_regulated"
"367",-2.35430194906373,4.19816593468015,0.0198106578197425,"LRRC25","down_regulated"
"368",-1.63139468198576,-4.10806922245735,0.0052716013225202,"OR52B3P","down_regulated"
"369",3.1746535954838,-0.992379240932317,0.0146746489476151,"CREG2","up_regulated"
"370",-1.7445276340802,0.187033299053365,0.0273005006353547,"DENND2C","down_regulated"
"371",2.31919492314298,2.1110832806564,0.028474294139661,"JAKMIP2","up_regulated"
"372",-1.7897132125608,3.15389268428344,0.0233785649422433,"C20orf197","down_regulated"
"373",-2.14163822486085,3.8179168286595,0.0304154217981564,"BASP1","down_regulated"
"374",-2.27466299208121,-4.07140217824048,0.00147579329166411,"TCIM","down_regulated"
"375",-1.95522898637772,-2.10395944312704,0.0267344283904426,"TOB2P1","down_regulated"
"376",1.71361840489422,-3.30964802242263,0.0398097688308376,"OR2M1P","up_regulated"
"377",-1.95692763077076,5.277167441161,0.00209378957368585,"AGTRAP","down_regulated"
"378",1.82085996692905,-3.76896693320215,0.0301660316362289,"LCN15","up_regulated"
"379",-1.91164853568769,-2.15406737204925,0.0279751383370349,"CALHM5","down_regulated"
"380",2.00230586207828,-1.54258095134495,0.0061831248822711,"ULK4P3","up_regulated"
"381",-1.52811681835444,-3.96112819970434,0.0369869996939216,"ERBB4","down_regulated"
"382",-1.8545269749182,-3.93792170817544,0.0429771769582146,"DYNAP","down_regulated"
"383",2.5316392629803,-4.6197641127407,0.0198686006456289,"C5orf46","up_regulated"
"384",-2.3390848936011,-3.63322077950342,6.61388771744976e-06,"EXD1","down_regulated"
"385",-1.89091392999085,-3.24375117856008,0.0407343771874971,"MEIS3P1","down_regulated"
"386",-1.51787635802293,-4.0942079486472,0.00607161495372222,"TMEM31","down_regulated"
"387",2.33094423536121,-2.26695224235528,0.0236496128029774,"GPC5","up_regulated"
"388",1.5978220316876,-4.53029455748648,0.0322067539872963,"OR6W1P","up_regulated"
"389",4.52850447561894,2.07591147207581,0.00179094473932044,"SLITRK4","up_regulated"
"390",2.22668748137302,-3.13493754450937,0.0139156366586775,"RPRML","up_regulated"
"391",-3.16127113916958,0.549755699258007,0.00224543813397157,"CDH5","down_regulated"
"392",-1.95785956263167,0.819078252374559,0.036163123973326,"RPS12P23","down_regulated"
"393",1.54977443518348,-5.31287685362954,0.0101198476537691,"SLC9A4","up_regulated"
"394",-2.63534843384425,-0.149017891139429,0.0175288966573911,"PNPLA1","down_regulated"
"395",-1.93444444846911,-3.46519756507657,0.0243513005056128,"OR10AA1P","down_regulated"
"396",-1.94376341144744,-2.58050191044309,0.00444244231334902,"CYP8B1","down_regulated"
"397",-1.83206544809244,-4.41782032701439,0.00125795262388871,"HOXC10","down_regulated"
"398",-1.77484515432837,2.49406952235011,0.0218921249203815,"CXCR2","down_regulated"
"399",2.89539549860629,-2.77177833545923,0.0241365126012666,"FER1L6-AS1","up_regulated"
"400",-1.93635907650975,-0.422006947054715,0.0242104615199658,"TMEM45A","down_regulated"
"401",-1.54420294549093,-0.588803584303188,0.0490371275869923,"TMIE","down_regulated"
"402",-2.44862490052555,3.77730355837372,0.0056669275007407,"P2RY13","down_regulated"
"403",-1.59461660170305,-0.103998047598596,0.0403383195281462,"GPR88","down_regulated"
"404",2.32561435020678,-1.79746070519358,0.0497968681453747,"PNMA8A","up_regulated"
"405",3.05944443462853,1.93702446510144,0.00418489836562,"HOXB4","up_regulated"
"406",-1.72821439127632,-4.51247998056798,0.00161240186901888,"RGS7","down_regulated"
"407",-1.69746415939961,0.0659656018398093,0.0316520479531668,"TMEM119","down_regulated"
"408",-1.53335708848017,-4.09476219430468,0.0493670580102447,"SYNDIG1L","down_regulated"
"409",-1.79861067360768,-2.20790059285126,0.0121860148868137,"ACSM5","down_regulated"
"410",-3.05004562050614,-2.57811716816341,0.000488726965993266,"FBXL7","down_regulated"
"411",-1.94370537513261,-4.35646646399348,0.00608866089146728,"PSG9","down_regulated"
"412",-2.72201323840655,2.56665872255772,0.0191753806007279,"MACC1","down_regulated"
"413",-2.36969695775835,-0.11358540811105,0.0313008288453061,"ST6GALNAC3","down_regulated"
"414",3.63711530879848,1.58819129281721,0.00143308178846882,"GPR173","up_regulated"
"415",1.75466762065206,-3.08039421439152,0.0342258639602951,"PIWIL3","up_regulated"
"416",1.64771318069896,6.47119728883433,0.00320959670745549,"H2BC21","up_regulated"
"417",2.73846207238994,-2.69036262833821,0.0480938519678802,"PRR16","up_regulated"
"418",-1.99977643447307,-3.22061694409303,0.00873849989464414,"MROH2A","down_regulated"
"419",-1.72547913954588,-2.70372925627399,0.0148911210231566,"SPATA45","down_regulated"
"420",2.03808883950953,0.188573020279503,0.0203014294766654,"SMG1P4","up_regulated"
"421",-1.74181098418694,-3.6483315756491,0.0269219969041014,"NRG3","down_regulated"
"422",-1.56068666513304,-4.58712801379491,0.0118134769501603,"NKAIN3","down_regulated"
"423",-1.81805312505242,-3.96218766127896,0.0254767528598968,"KRT5","down_regulated"
"424",-2.88851629959522,0.821517420885145,0.00128170245134206,"THBS2","down_regulated"
"425",-2.72692067852603,3.76772976123526,0.0321071926193173,"FCAR","down_regulated"
"426",-1.67527126350595,-0.00108266080679675,0.0205368423189159,"SEPTIN10","down_regulated"
"427",-1.98130975121813,3.44494724353412,0.0248222278721608,"GPR141","down_regulated"
"428",-3.11280669584903,-0.0712540504044257,0.0029384291021072,"TEAD1","down_regulated"
"429",-2.17611215805376,0.935673926009942,0.0176229742203488,"AKR1C1","down_regulated"
"430",2.47443710305935,0.0115495777565301,0.0065837022910572,"PCDHB13","up_regulated"
"431",1.62671892536006,8.79213608515177,0.0179988275109098,"SELL","up_regulated"
"432",-5.0001901866894,3.26549394871914,0.000930099760074586,"VSTM1","down_regulated"
"433",-1.53864486054488,-3.04758723283885,0.0430521021431537,"NKAPL","down_regulated"
"434",-3.16031836868677,-2.69562880129528,0.0206592133111039,"SPOCK3","down_regulated"
"435",-2.68866293029125,-2.89903998555335,0.00556970415318509,"ESRRG","down_regulated"
"436",-1.56457446529663,4.9310110833268,0.0126726262256212,"SULT1A1","down_regulated"
"437",1.87673681776136,-2.49469382634899,0.0206493528549807,"SPTSSB","up_regulated"
"438",2.47561958776986,3.03640127690111,0.00474667907114926,"LINC00173","up_regulated"
"439",-2.0005194895205,-2.9335111902837,0.0475493327612481,"OR52K1","down_regulated"
"440",-1.94919703639809,1.27734830228221,0.036090632097353,"ZNF239","down_regulated"
"441",-2.55240396113038,5.84930441846876,0.0316297432228609,"SERPINA1","down_regulated"
"442",-1.641171430408,-1.1088319620802,0.017063714561645,"IL27","down_regulated"
"443",-2.04944410081391,-3.21067790229864,0.0258299844735732,"OR13G1","down_regulated"
"444",2.22719161477991,-1.71363921586887,0.0492506473074879,"PCDHB11","up_regulated"
"445",-1.80018600230995,-4.06586010084271,0.0256541687657565,"OR11L1","down_regulated"
"446",-1.80874249076632,-0.609392271519744,0.0453003568519136,"PARVA","down_regulated"
"447",-1.53454101075047,-4.18162364344295,0.000606397474476872,"MAP1LC3C","down_regulated"
"448",-1.61527856192542,-3.22526539772948,0.0242264191823235,"IGKV7-3","down_regulated"
"449",2.53152100459659,0.925585451518769,0.00265539904204225,"OCLN","up_regulated"
"450",1.74455473227095,-0.799558637999571,0.0358942910963201,"SLC22A12","up_regulated"
"451",-3.5301805025396,-2.4007160543873,0.00299336834821108,"CYYR1-AS1","down_regulated"
"452",3.46881833523513,0.110690360290126,0.000270265926999162,"AVPR1B","up_regulated"
"453",1.5546742016674,4.85348274649698,0.0156346320661283,"TPM2","up_regulated"
"454",1.51100603888088,0.301451803605595,0.00527084173228488,"SLC34A3","up_regulated"
"455",3.50256146729229,4.37293317547483,0.00194221324645356,"ZNF521","up_regulated"
"456",-1.58808783268418,-4.2887894228262,0.011018172956052,"MIR101-2","down_regulated"
"457",-1.82702601381367,-3.27917184326756,0.029968808035955,"MIR373","down_regulated"
"458",-1.59374626825568,-4.04007273011053,0.0144466457679226,"RNA5SP477","down_regulated"
"459",-1.89890662965739,-1.85675692722854,0.012784147989564,"RNU6-1255P","down_regulated"
"460",1.5517563400102,-3.88554447004379,0.0444239911482597,"RNA5SP507","up_regulated"
"461",-1.78095162358784,-4.47295956107332,0.00162720060914477,"RNA5SP28","down_regulated"
"462",-1.94164555408114,-4.01017153847335,0.00658613424133145,"RN7SKP134","down_regulated"
"463",-1.80662581461296,-3.432062795397,0.00623136858762159,"RNU4-68P","down_regulated"
"464",-1.77975447825329,-2.91195607765442,0.0259510890330185,"RNU4-38P","down_regulated"
"465",-1.68676028172551,-3.41497846754512,0.0097433717298705,"ACTBP6","down_regulated"
"466",-1.59827837531443,-4.59087697718074,0.0069019239539984,"TAS2R2P","down_regulated"
"467",-2.53736609904416,4.2135607757153,0.0137814217724148,"CR1","down_regulated"
"468",-1.68331716138485,-4.14428929857872,0.0112547903352858,"OR6K3","down_regulated"
"469",-1.63446660671094,-2.71209005764516,0.0303633763533376,"OOEP","down_regulated"
"470",-2.20556477373505,3.53753402483545,0.0462050387423034,"MAFB","down_regulated"
"471",-1.70668794486426,-3.8528182394422,0.00393309256949852,"LRRC37A5P","down_regulated"
"472",-1.94123847227152,-2.63592246511488,0.031055417223641,"KRTAP5-10","down_regulated"
"473",2.1156915954676,2.67547694452836,0.0163745801288199,"DDR1","up_regulated"
"474",-1.90353030484423,-3.35411273078321,0.00639800223533805,"ACOXL-AS1","down_regulated"
"475",-3.7184848954221,-0.554095768915593,0.0434280733975424,"CFI","down_regulated"
"476",-1.7835371627232,-0.896271507463718,0.0208193841290228,"RGL3","down_regulated"
"477",2.33239199039036,2.40400241762275,0.0153617779825981,"CRLF2","up_regulated"
"478",-2.31149777096448,-3.72174396985505,2.76414001210371e-05,"C22orf42","down_regulated"
"479",3.62976674135768,0.362782136413541,0.0380219038942846,"EGFEM1P","up_regulated"
"480",1.92302409192257,-4.40295787554779,0.0122809853530975,"RNU6-1189P","up_regulated"
"481",2.07533018718317,-2.77893713761449,0.0159601831931749,"RNU6-26P","up_regulated"
"482",1.69313869807902,-5.03707083629619,0.0246222996541718,"RNU6-1056P","up_regulated"
"483",-1.73979279924464,-3.70017792197354,0.00321179984457378,"RNU6-1013P","down_regulated"
"484",-2.87100449260918,-3.59880953152321,1.18339460688774e-07,"RNU6-1042P","down_regulated"
"485",-1.80209495891197,-4.41310483787472,4.50287036021285e-05,"RNY1P14","down_regulated"
"486",-2.00548806796699,-3.71703470033271,0.00156255444917666,"RNU6-29P","down_regulated"
"487",-1.529252526384,-3.99339380385436,0.0264732395666441,"MIR550A2","down_regulated"
"488",1.81441352781966,-4.62695251894527,0.0386217048868767,"MIR545","up_regulated"
"489",-2.3495146953523,9.62092872449519,0.0325544674118701,"IGKC","down_regulated"
"490",-2.11173525411258,5.60627223619909,0.0230596325261578,"IGKV4-1","down_regulated"
"491",-2.55097173389081,0.654775128379033,0.0129406790740835,"IGKV5-2","down_regulated"
"492",-1.65972356596401,0.744556737183218,0.026875485517393,"IGKV6-21","down_regulated"
"493",-1.97894122669412,1.51485977930119,0.0428794808205233,"IGKV3D-20","down_regulated"
"494",-1.67101704888336,-4.53289631326566,0.00154003275724949,"IGKV6D-41","down_regulated"
"495",-2.72331713319631,-0.0983235900406563,0.0156178950757059,"IGKV3D-11","down_regulated"
"496",-2.45327790077885,-2.42654232843339,0.00605262914893782,"IGKV1D-42","down_regulated"
"497",-1.84030117978707,2.38892535678316,0.0152457317152552,"IGLV4-69","down_regulated"
"498",-1.7191759511583,3.33901896356346,0.030232523531541,"IGLV6-57","down_regulated"
"499",-2.02331552107719,0.858222765879985,0.0311723781655483,"IGLV5-45","down_regulated"
"500",-1.88572799518036,4.17622972884012,0.0338042563762962,"IGLV1-44","down_regulated"
"501",-1.73422059980121,1.43137289036219,0.0282615760614701,"IGLV7-43","down_regulated"
"502",-1.9637241396375,4.89236852924965,0.0235768071274389,"IGLV1-40","down_regulated"
"503",-2.04753524809519,3.91673618727319,0.0315905795272983,"IGLV2-23","down_regulated"
"504",-2.37817161310926,4.85362179491935,0.0218417848240602,"IGLV3-21","down_regulated"
"505",-1.75315576591979,-1.40541907356952,0.0207349159323647,"IGLV3-16","down_regulated"
"506",-1.98835046559685,4.09362053368628,0.0217063742386322,"IGLV2-14","down_regulated"
"507",-1.91993850903542,3.83609241119228,0.0169814098762613,"IGLV2-11","down_regulated"
"508",-2.28427733719226,3.7552805599467,0.0324500989935847,"IGLV3-1","down_regulated"
"509",-1.90965884353607,-2.56801625994779,0.0126228484745389,"IGLJ2","down_regulated"
"510",-1.72712748590658,6.57744758038804,0.0325326453727469,"IGLC2","down_regulated"
"511",-2.51447688277658,5.6282566499371,0.00238065397010626,"IGLC3","down_regulated"
"512",1.73141922134614,-3.33460799600427,0.0155737504987178,"TRBV5-3","up_regulated"
"513",1.8657036692311,-0.0155589124615633,0.0313400977135365,"TRBV6-6","up_regulated"
"514",3.12655679590818,-1.61868196740159,0.00280231901608393,"TRDV2","up_regulated"
"515",-3.17103170379666,8.39803553406914,0.0340761958588241,"IGHG2","down_regulated"
"516",-2.27027958069207,9.60985974296515,0.0154583532891714,"IGHG1","down_regulated"
"517",-1.96790670859411,6.8257266786341,0.0265338551092776,"IGHG3","down_regulated"
"518",2.48707600073108,-2.02248311545972,0.0371958367647217,"IGHD1-26","up_regulated"
"519",-1.94168656570415,0.367948537230162,0.0144253197596091,"IGHV6-1","down_regulated"
"520",-2.03984395395299,1.45230070551151,0.0158068962121621,"IGHV2-5","down_regulated"
"521",-1.87402361668277,1.70670058495359,0.0190811808813967,"IGHV3-7","down_regulated"
"522",-1.88869372007594,3.80347374700002,0.0444464339236382,"IGHV3-11","down_regulated"
"523",-1.97594421519398,4.15513435958095,0.0257585675588325,"IGHV3-15","down_regulated"
"524",-2.06953324363825,4.24012780469776,0.0361841922029128,"IGHV1-18","down_regulated"
"525",-2.54230460225291,0.190019145542468,0.031210676035084,"IGHV3-20","down_regulated"
"526",-2.11523255842614,3.97947085171705,0.0158689808208491,"IGHV3-21","down_regulated"
"527",-1.80615186635044,5.29206442396194,0.0202332785821315,"IGHV3-23","down_regulated"
"528",-1.72180699295446,1.42222563235582,0.0362137985187808,"IGHV4-28","down_regulated"
"529",-2.03688268125041,3.34075241574027,0.0169231428838929,"IGHV3-33","down_regulated"
"530",-2.32706311963967,3.56978959333019,0.0131789362674687,"IGHV4-34","down_regulated"
"531",-2.58780178025859,-0.874729648196371,0.00599455320409116,"IGHV3-35","down_regulated"
"532",-2.04557055752357,3.90109051556796,0.0333443541004949,"IGHV1-46","down_regulated"
"533",-2.03212878870756,3.07732205254366,0.0283672476711979,"IGHV3-49","down_regulated"
"534",-1.95626334617281,4.67305304195291,0.0154698186008673,"IGHV5-51","down_regulated"
"535",-2.01038190630182,2.26956104326823,0.0284532765520212,"IGHV3-53","down_regulated"
"536",-2.29638742844893,1.49649764065159,0.0486912394181631,"IGHV4-61","down_regulated"
"537",-1.59649960593141,-4.23245966845856,0.0146809086021571,"RNU6-1300P","down_regulated"
"538",-1.53417039119599,-4.16165708061003,0.0125922966283235,"RNU6-1254P","down_regulated"
"539",-1.94671356867843,3.16409472353363,3.6548632805108e-05,"MAP10","down_regulated"
"540",2.81252869721188,-4.14459169622086,0.00168182327751049,"AHCYP5","up_regulated"
"541",1.71633361616306,1.51637280360773,0.0165689270117212,"ASIC3","up_regulated"
"542",1.54857411279782,-2.96553705053361,0.044017885602931,"RPL6P25","up_regulated"
"543",-2.31725252364548,-1.81796508331014,0.0279003545098845,"EEF1DP4","down_regulated"
"544",-2.74469738029558,2.51115954832567,0.0415076157921793,"S1PR3","down_regulated"
"545",-2.74469738029558,2.51115954832567,0.0415076157921793,"S1PR3","down_regulated"
"546",2.13931187308351,-1.50090495727302,0.0352947760809152,"FER1L6","up_regulated"
"547",-1.80175971130718,-4.47369231771713,0.000664450653888604,"GPR33","down_regulated"
"548",-1.70846842204376,-4.52131917200556,0.00250189109201453,"LINC01139","down_regulated"
"549",-1.8369646082735,-0.551259861779427,0.0179329479189181,"ATAD3C","down_regulated"
"550",-2.05036121423815,-3.91917881931184,0.00310871075234005,"ANXA2P3","down_regulated"
"551",2.42696395308897,-2.53418560133695,0.00868103194418934,"NDUFS5P1","up_regulated"
"552",1.71980132579521,-5.54518477912051,0.00175575185688842,"MIR320D2","up_regulated"
"553",-1.57490252316529,-1.91673508755761,0.0305262630059747,"RNU6ATAC18P","down_regulated"
"554",-1.60562226192376,-3.24924780513036,0.0220391698559692,"MIR1303","down_regulated"
"555",-1.6134772855567,-3.24059426492937,0.02800300561712,"MIR1290","down_regulated"
"556",2.07679769786051,-4.854558471961,0.0252055874261036,"MIR1915","up_regulated"
"557",-2.23305615991536,-4.10733213122282,0.0162930220626106,"RN7SKP32","down_regulated"
"558",-1.75238595436707,-3.62870516276876,0.0143278286669657,"RN7SKP266","down_regulated"
"559",-1.77248575655235,-3.58821462445687,0.00435481287439301,"RNA5SP95","down_regulated"
"560",1.85898652114456,-2.60756360549411,0.0315634305646729,"RNA5SP371","up_regulated"
"561",1.73894071522866,-4.04193616885428,0.0448068115507912,"RNU6-285P","up_regulated"
"562",3.84219432918839,-1.38787798922524,0.000318141493243692,"RN7SKP240","up_regulated"
"563",-1.5849542063576,-4.31445362865886,0.0119020160620903,"RNU4-27P","down_regulated"
"564",1.51146413917293,-5.37834662114986,0.0221434227385837,"RN7SKP53","up_regulated"
"565",1.741657824702,-4.96509667160165,0.0490616114505097,"RNA5SP111","up_regulated"
"566",2.25460630197043,-2.53932650552055,0.0321461380104366,"LINC01825","up_regulated"
"567",-2.2211664867223,-4.11278458947902,0.00701696796284045,"TRIM60P17","down_regulated"
"568",1.85279633935015,-2.91397805131661,0.0368044749776016,"LINC00114","up_regulated"
"569",-2.65229876635333,-0.650716375522638,0.00592750733883502,"IGKV3D-15","down_regulated"
"570",-3.40910947749314,-2.83282295350778,0.000573253789802441,"MTRF1LP2","down_regulated"
"571",-2.22794577021974,4.56427544186637,0.0127341201824113,"IGHV4-59","down_regulated"
"572",1.81043975573799,-4.68716019972746,0.0259154191485145,"PDSS1P2","up_regulated"
"573",-1.78685868796105,3.83452361804062,0.0362156140250033,"IGHV3-74","down_regulated"
"574",-2.2003466461121,-2.30283379698993,0.0324600206318357,"LINC00240","down_regulated"
"575",1.97584955236327,-2.86413700047683,0.0114087638909438,"LINC01398","up_regulated"
"576",-2.38149631779531,0.610023775885568,0.0441567236400199,"OR52K3P","down_regulated"
"577",-2.43662236225876,1.10162554378067,0.0102688813189624,"LINC01504","down_regulated"
"578",-1.71262869036083,-0.636896139856323,0.0421811340823671,"IGKV6D-21","down_regulated"
"579",-4.22098788656105,0.859684978723252,0.00428886400152938,"IPPKP1","down_regulated"
"580",1.90539279204844,-3.13454022418336,0.0271453561300195,"ASH2LP3","up_regulated"
"581",-1.83637361345092,0.0797045105411035,0.0475654512249793,"C3orf86","down_regulated"
"582",-2.78622881899131,-3.27569494726479,0.00062560158356225,"GAS1RR","down_regulated"
"583",-2.48191773436715,-3.4250744501804,0.0440436456415489,"PSPHP1","down_regulated"
"584",2.79978851245728,-4.34359320429818,0.00971850650714062,"LINC01811","up_regulated"
"585",-1.52609973028715,-3.54702627072982,0.0277598241702559,"LINC02542","down_regulated"
"586",-2.11111149565977,-4.19655290656252,0.00966534480562676,"LINC00323","down_regulated"
"587",2.27386849500582,-3.11055541088927,0.0136882202017246,"RPSAP33","up_regulated"
"588",-1.7869620578069,0.239641529002694,0.016052965514247,"ATE1-AS1","down_regulated"
"589",2.49998698330207,-2.95210084822607,0.00454605271152528,"ABHD17AP6","up_regulated"
"590",-1.75529025917937,-2.41370289962507,0.0261016884879098,"LINC02798","down_regulated"
"591",1.90652177170385,-1.1336380282182,0.0301363392580811,"IGHD1-14","up_regulated"
"592",2.11884814884102,-3.41644189140447,0.0236001746604318,"RPL31P12","up_regulated"
"593",1.76431448157619,-0.624087993783212,0.0204185718436893,"TRBV7-5","up_regulated"
"594",-2.61778964994413,1.00202235622823,0.0341619403160023,"SLC9A7P1","down_regulated"
"595",1.55556652422058,-5.28732807325216,0.0384196513955544,"MTND5P31","up_regulated"
"596",2.16565296036258,-3.34392590626606,0.0259034552344975,"FAM66A","up_regulated"
"597",-2.63076528838533,-2.65723497105738,0.0109698815610308,"LINC02344","down_regulated"
"598",4.33705917909007,-1.85480261010567,0.000538166498384035,"ZNF680P1","up_regulated"
"599",2.33061982334333,-3.10552303493383,0.00907620345237693,"HNRNPA1P46","up_regulated"
"600",1.54376198940031,-3.69582045056559,0.0101329984594157,"UBBP5","up_regulated"
"601",-1.63951221946891,3.42970945857086,0.0211015501388178,"HCG11","down_regulated"
"602",-2.0703164498458,2.27696622053313,0.00538104373107547,"MIR646HG","down_regulated"
"603",-1.67971736203359,-3.76635899509778,0.0180278401357199,"MACC1-AS1","down_regulated"
"604",1.84740243253435,-3.5030530225122,0.0400197554187079,"RPS3AP30","up_regulated"
"605",2.15283545773567,-3.96156096726819,0.0348935835037593,"NEGR1-IT1","up_regulated"
"606",-1.65356855636031,-3.48129316123274,0.0314683384685621,"UBE3AP2","down_regulated"
"607",-2.74158037250058,1.02462903375724,0.0194775594036592,"CCDC26","down_regulated"
"608",-2.74158037250058,1.02462903375724,0.0194775594036592,"CCDC26","down_regulated"
"609",-2.74158037250058,1.02462903375724,0.0194775594036592,"CCDC26","down_regulated"
"610",-2.34421885169691,-0.771193158852522,0.00643631148284602,"LINC02766","down_regulated"
"611",-2.57077727892385,-2.68075634703103,0.00365693086894378,"RPSAP22","down_regulated"
"612",1.89885653892595,1.396414024483,0.00423534798845254,"ZRANB2-AS2","up_regulated"
"613",2.12054655304214,3.76933241394146,0.0214487344355036,"MIR181A1HG","up_regulated"
"614",4.08913165043925,-3.78899580269831,4.67524313952959e-05,"LINC02370","up_regulated"
"615",-1.64342018651908,-3.45242992587819,0.0228748128244818,"IGKV1OR22-5","down_regulated"
"616",-1.76551255211578,-2.85705850767374,0.00865191975536888,"TEX48","down_regulated"
"617",3.18838519883553,-1.88598075668815,0.00365869624728973,"MEIS1-AS2","up_regulated"
"618",3.69980353475549,-1.76282196007568,0.0113032293752036,"ARPP21-AS1","up_regulated"
"619",-1.98258283250774,-2.8077861331088,0.0330331009741723,"LINC02541","down_regulated"
"620",-2.42913948210992,2.03112024323837,0.0124441509236002,"ZNF826P","down_regulated"
"621",-1.52491621418626,-4.28330368727431,0.00609809723854815,"TRERNA1","down_regulated"
"622",1.53370905798945,-0.330742815052994,0.0029109588776481,"RB1-DT","up_regulated"
"623",2.38935702109343,-4.38854477403616,0.0124078660422161,"SNRPGP13","up_regulated"
"624",2.37403505416071,-4.45835864534587,0.00472155945100992,"MTCO2P20","up_regulated"
"625",2.71110607164883,-2.52020973833969,0.015098234032153,"RPL21P43","up_regulated"
"626",-1.50697650446967,-4.35585693060345,0.00885761283594918,"LINC00574","down_regulated"
"627",1.97008629324778,2.6161248795361,0.0275905634181732,"LINC00899","up_regulated"
"628",2.90928959719036,-2.3960847282152,0.00684112620932391,"ABCA9-AS1","up_regulated"
"629",2.86624549247776,-2.62592654342577,0.0055833649538374,"LINC01798","up_regulated"
"630",-2.01529454197023,1.34138860069284,0.0404043448204141,"IGHV3-43","down_regulated"
"631",-3.07804855777274,-1.74920327051693,0.00184988690586888,"FAM157B","down_regulated"
"632",1.5148236050307,-2.40909332884727,0.00342859339290172,"NPIPA9","up_regulated"
"633",1.66666402018365,-4.56148275142495,0.0193694656743174,"RPSAP59","up_regulated"
"634",4.11243078753604,-1.32714918743522,0.00141384129890493,"HOXB-AS3","up_regulated"
"635",2.9219558715784,-3.17296042419889,0.00729297261656296,"LINC00642","up_regulated"
"636",-2.03686119431218,-2.21839347687571,0.0334647423222766,"MROH3P","down_regulated"
"637",-1.66431825769709,-4.16346999225542,0.00176940185171203,"LINC00472","down_regulated"
"638",1.85172341479229,-4.10559969364748,0.0196436082186791,"ACTR1AP1","up_regulated"
"639",-1.77374582146341,-3.34976432456001,0.0210266419828841,"KRT18P62","down_regulated"
"640",-1.7563763153482,-2.68985468107427,0.0364735665545293,"CICP27","down_regulated"
"641",2.53222644001923,0.17736240915461,0.000268524621999944,"GDI2P2","up_regulated"
"642",2.12879254896335,-2.74062896148678,0.0317039567862294,"NUDT9P1","up_regulated"
"643",2.09089959618508,-4.11866022884473,0.0498971461938145,"ELOBP4","up_regulated"
"644",-1.72723166243868,-4.49386204526989,0.0278081957905455,"LINC00701","down_regulated"
"645",-2.44421351096286,-3.93770720941145,0.00141081333746505,"CTSLP8","down_regulated"
"646",2.27457259845658,-3.1821046105469,0.013855963359038,"ACTBP13","up_regulated"
"647",2.31182682397411,-3.11996882860777,0.00645741440282576,"EPCAM-DT","up_regulated"
"648",-1.80806773523699,-3.86529718842766,0.00898017783336215,"OR7E62P","down_regulated"
"649",4.28349781373404,-3.78568039424318,0.000580926655656284,"LINC01827","up_regulated"
"650",-1.6531808089698,-4.18843653441525,0.0166178831075605,"LINC02623","down_regulated"
"651",-3.12273223367554,5.36530545138052,0.0100696744827078,"NFAM1","down_regulated"
"652",-1.50841788691853,-2.52055396461893,0.0274420915412239,"RMDN2-AS1","down_regulated"
"653",-1.83516847909523,-4.03365815951551,0.00448016096831614,"PATE3","down_regulated"
"654",-2.09214178161619,-4.21071716992275,0.0157418946613305,"GPC6-AS1","down_regulated"
"655",1.6567879835754,1.37967213232505,0.0186363161331472,"ZNF853","up_regulated"
"656",-1.96741399416884,-3.9905987383489,0.000263439019377491,"LINC01852","down_regulated"
"657",1.58884171792572,-1.09002604982512,0.0336853362771582,"NRXN2-AS1","up_regulated"
"658",2.96720078286314,0.094676615232506,0.0123563834555014,"CECR7","up_regulated"
"659",-1.83713715277957,-4.41006718009281,0.000143994719317576,"IGKV1OR10-1","down_regulated"
"660",1.70136521183395,-3.54863012367208,0.0462854477026729,"DYRK3-AS1","up_regulated"
"661",-2.65760530830338,-3.22418261429378,0.0450075178299821,"ANKRD26P3","down_regulated"
"662",2.08628603819317,-4.93456912155377,0.0070343119605759,"RNASEH2CP1","up_regulated"
"663",2.65102114517194,-4.12831983394544,0.0444412403997809,"LINC01115","up_regulated"
"664",1.7197479873131,-1.92156853348933,0.0221058292273709,"RPL21P109","up_regulated"
"665",1.82963928778634,2.97176183386612,0.00496923468842542,"CDK6-AS1","up_regulated"
"666",1.52989278440348,-3.86365573878499,0.0325199342900792,"MKRN4P","up_regulated"
"667",1.98041629350787,-3.53979942003335,0.0201706362903335,"RN7SL757P","up_regulated"
"668",2.22196524555871,-0.896525171987955,0.0176380094665096,"ST3GAL6-AS1","up_regulated"
"669",3.61784648242915,0.0413627030838776,0.00116730276934958,"HOXB-AS2","up_regulated"
"670",-2.30434312142084,2.36022101839126,0.0101402297414468,"IGKV1-6","down_regulated"
"671",1.80412871887015,-2.3665633566131,0.0171312447620443,"TRBV8-2","up_regulated"
"672",-1.60159263449112,-3.55093774828324,0.0478800369010585,"IGKV1D-33","down_regulated"
"673",2.24000361339735,-4.99181702882504,0.00126531829843292,"TM4SF1-AS1","up_regulated"
"674",-1.61630285124275,-4.26751225123814,0.00198221437058415,"LINC02067","down_regulated"
"675",-1.88055237967654,0.739032382733682,0.0267805701197501,"IGKV1-8","down_regulated"
"676",-2.22606139492538,2.79822722876707,0.00608733077615561,"IGKV1-16","down_regulated"
"677",-1.5974819402588,-2.75252201236882,0.0373370237753135,"RN7SL459P","down_regulated"
"678",-1.68259793627076,-4.0723450461246,0.00728998985583662,"RN7SL553P","down_regulated"
"679",-2.55423710087437,-0.0237415348399961,0.00272946514360212,"IGKV1D-16","down_regulated"
"680",-2.01914645157351,5.89005565195679,0.0290278967571614,"IGKV3-11","down_regulated"
"681",-1.61550399668692,-1.4143542274637,0.0246809560280429,"IGKV2D-24","down_regulated"
"682",1.50084067351587,-5.59545560881608,0.000992376452717631,"CADM2-AS2","up_regulated"
"683",-1.84545870767623,-4.08512434417071,0.018839268082776,"SUMO1P1","down_regulated"
"684",-1.84442891254906,3.1996674613522,0.0332648627777037,"IGKV1-9","down_regulated"
"685",-1.55293006071392,-3.44421563335447,0.0217290074924161,"RN7SL76P","down_regulated"
"686",2.74934336042395,-3.69727004216448,0.00260089732572371,"LINC01100","up_regulated"
"687",3.47795376505327,-3.05076517314971,0.0256293306549139,"LINC02082","up_regulated"
"688",-1.59340328930477,-0.882315712427298,0.0254418470881047,"RPL6P8","down_regulated"
"689",1.97740573352744,-1.27612577284458,0.0131900449131344,"RN7SL272P","up_regulated"
"690",-2.1288369651406,-0.974894130925003,0.0440001295662521,"IGKV1-39","down_regulated"
"691",-2.454386481294,-3.93010774049907,0.000432394930221437,"IGKV2D-28","down_regulated"
"692",-2.52378215986961,-2.2719766331867,0.020255174317396,"IGKV1D-43","down_regulated"
"693",-2.49631235054415,-1.72584931991214,0.00484729659787499,"RN7SL862P","down_regulated"
"694",-2.51162447104694,-2.50214781715823,0.0244333795343867,"IGKV1D-17","down_regulated"
"695",1.90720329137953,-0.256242873803489,0.000970895180088628,"RN7SL449P","up_regulated"
"696",-1.74537271578663,-4.49924109809451,0.00269953229484005,"PLCH1-AS2","down_regulated"
"697",-1.88638858161595,-0.816698873511825,0.0357061454280486,"IGKV3-7","down_regulated"
"698",-1.77534407435771,-2.31970823153257,0.0419345747379035,"TICAM2","down_regulated"
"699",-1.88057636198944,5.25771765808764,0.0242647244937901,"IGKV1-5","down_regulated"
"700",2.04163181538252,-1.44210771100957,0.0490327952742919,"RN7SL526P","up_regulated"
"701",-1.72181734475147,-0.39540015533324,0.0254497812622647,"RN7SL67P","down_regulated"
"702",2.26881132639619,-2.99830085258822,0.00402041966712956,"ENO1P3","up_regulated"
"703",3.27665731830675,-0.244103044472608,0.00167894254543902,"IL12A-AS1","up_regulated"
"704",-3.93074847412356,-2.28679877833679,4.94906103805062e-05,"IGKV2-28","down_regulated"
"705",1.94996176106775,3.03091090416327,0.00237368431001948,"FLNB-AS1","up_regulated"
"706",1.56191643646969,1.5533686991439,0.0472760148182519,"GATA2-AS1","up_regulated"
"707",-1.67920997268088,-1.27766648460588,0.0257381239505211,"KRTAP5-7","down_regulated"
"708",-1.8457440745496,3.61138742442074,0.0240373442666682,"IGKV3-15","down_regulated"
"709",1.78634130445918,-2.53491853535624,0.0371125538146469,"KCNK15-AS1","up_regulated"
"710",-2.00574610345949,2.71841189652098,0.0166230794075092,"IGKV1-27","down_regulated"
"711",-1.95955395655621,-3.99663183428477,6.60659531908177e-05,"H2AZ1-DT","down_regulated"
"712",-1.70322103383463,-4.53528447751503,0.0434277946212859,"LINC01096","down_regulated"
"713",2.21766163959903,2.71309354710706,0.019501234242883,"SOCS2-AS1","up_regulated"
"714",-2.07383389265581,-3.73468314436913,0.00641658082477074,"NR2F2-AS1","down_regulated"
"715",-3.62839808431417,-1.29361366298329,0.0023484495768799,"TARM1","down_regulated"
"716",2.28764968972547,-3.81263052064356,0.0171274152117124,"MAST4-IT1","up_regulated"
"717",-1.64523543320266,-3.55876755853336,0.00507431921134029,"PCNAP1","down_regulated"
"718",-1.68621151320127,-4.60820895745721,0.00265153406180926,"SEMA6A-AS2","down_regulated"
"719",-1.63481971152334,-4.2800373205305,0.0448011565830272,"LINC01093","down_regulated"
"720",2.16666077232894,-1.64234921930957,0.00840772971083034,"LINC02265","up_regulated"
"721",-2.17750292430067,-2.43531052935885,0.00629069972501107,"HS3ST5","down_regulated"
"722",1.70318060462851,-5.27408919077869,0.021552521611946,"ZP3P1","up_regulated"
"723",-1.87346209488931,-4.39821178191321,0.00329971730018554,"LINC02232","down_regulated"
"724",-2.70248771063046,0.574135914893129,0.0487298246986706,"TRMT9B","down_regulated"
"725",-1.77118413884678,-4.50945620610063,0.000142610480948421,"KIAA1210","down_regulated"
"726",-1.72460152215501,-4.17515749882266,0.0153480325144986,"CLSTN2-AS1","down_regulated"
"727",1.71400958257593,3.94687119652984,0.0038369551478015,"GPR162","up_regulated"
"728",2.56296312153561,-0.971237739865747,0.024901074563733,"SMAD1-AS2","up_regulated"
"729",-1.81207756943776,-2.96910744133339,0.0178621215418151,"REELD1","down_regulated"
"730",-1.68333576288202,-4.2111470501148,0.0173186439692824,"SNHG18","down_regulated"
"731",-2.98416848481706,-0.3642537801049,0.00969523771059476,"IGKV2D-40","down_regulated"
"732",-1.62644292731905,-3.72927529308824,0.00738440199408055,"RBX1P2","down_regulated"
"733",1.93956359081091,-4.44040933388086,0.0300626743954417,"HTT-AS","up_regulated"
"734",-1.56834815971583,-4.17454016763413,0.0238714640500817,"DCANP1","down_regulated"
"735",-2.37823367787914,0.00376987635710406,0.0168172945894294,"AIDAP2","down_regulated"
"736",-2.61722391561778,-2.52102035957684,0.00552626927187602,"IGKV1D-39","down_regulated"
"737",-5.10218645212819,0.497461823850832,0.033756559765959,"PTX4","down_regulated"
"738",-2.62265401018979,-3.13212721028921,0.00271500339277715,"RNU6-917P","down_regulated"
"739",-2.16433531256394,-2.63881852291486,0.0159081191894172,"RNU6-977P","down_regulated"
"740",2.88057919275396,-5.06040248637501,0.000940829524769029,"RNA5SP460","up_regulated"
"741",-3.05835998268247,-2.76843711401713,7.59209491163604e-05,"RNA5SP449","down_regulated"
"742",-2.48747989126434,-3.43990485658583,8.80595452280923e-05,"RNU6-1003P","down_regulated"
"743",-1.66545066555176,-4.16167602407273,0.00385837121560831,"RNU6-176P","down_regulated"
"744",1.75841449183929,-3.52710629541851,0.0185303922498964,"RNU4-60P","up_regulated"
"745",-2.08930794679403,-1.82236670610222,0.0123032728743154,"IGHV3-62","down_regulated"
"746",-1.62399076349813,-3.37773784600978,0.0360520653904331,"IGHV3-36","down_regulated"
"747",-1.62128580375864,-4.20559349241114,0.00472046924706082,"IGHV3-50","down_regulated"
"748",3.20964195046426,-3.77136616938475,0.0122941096547325,"DLGAP2-AS1","up_regulated"
"749",-1.76301062432446,-3.6844775195103,0.0353358074351873,"IGKV2-4","down_regulated"
"750",-3.25935967568619,-3.30020989595643,3.49480213313303e-07,"IGHV3-25","down_regulated"
"751",-2.57757663659558,-1.68689029534354,0.0254830796434154,"LINC01484","down_regulated"
"752",-3.03743199760419,4.5895362153376,0.0239607642867376,"IGHGP","down_regulated"
"753",-2.05178811946119,-1.69946759294509,0.0425001628135175,"IGHV3-71","down_regulated"
"754",-1.76307816721203,-2.68953176357212,0.0418090921496017,"IGHV1-12","down_regulated"
"755",-2.09117050710033,-3.25695944356622,0.00191698151399481,"LINC01485","down_regulated"
"756",-1.80746811294431,-4.42906090158265,5.09095282214275e-05,"IGKV2D-18","down_regulated"
"757",2.48068899681495,-1.81800758451758,0.0084645133489131,"PCDHGB1","up_regulated"
"758",-1.85072582701613,0.106567092441694,0.0368792229325737,"IGHV4-55","down_regulated"
"759",2.33009785973383,-3.99624438670183,0.00778599245170523,"THAP12P4","up_regulated"
"760",2.09614093149681,-4.04751090035802,0.0323899130496161,"XIRP2-AS1","up_regulated"
"761",2.06933919686062,-4.30418759517446,0.0485388688612567,"RASSF10-DT","up_regulated"
"762",-1.88545416965565,-4.05381651814028,0.00207784111933245,"GVINP2","down_regulated"
"763",-1.57076080477428,0.256914354260092,0.0415129822629301,"PTPRJ-AS1","down_regulated"
"764",-1.570458838338,-0.873136360730625,0.040549129026743,"KRTAP5-9","down_regulated"
"765",-1.9066831890798,-3.89147116774655,0.00491541247476622,"LINC02757","down_regulated"
"766",2.14672658422615,-0.828841841566248,0.0328014350430694,"LINC02718","up_regulated"
"767",-1.56221762417918,-3.75661955533249,0.0425193303977948,"NLRP9P1","down_regulated"
"768",-1.56303016003454,-4.6469541531269,0.010422245211229,"CACNA1C-IT3","down_regulated"
"769",2.175761615178,-3.04788429860609,0.0077569727656503,"GPR142","up_regulated"
"770",-2.13903315737211,-2.84501870551645,0.00609605578941145,"LINC02821","down_regulated"
"771",1.62401133274477,-5.18867180388815,0.0459172155176183,"LINC02385","up_regulated"
"772",3.44609777048833,-2.98646277956847,0.019283014638304,"LINC01475","up_regulated"
"773",3.04316088842574,-2.60092814764116,0.0136704731229723,"CPNE8-AS1","up_regulated"
"774",-2.14035729400108,-2.63842773890149,0.0026678356728139,"OTOAP1","down_regulated"
"775",4.21717193389246,-1.63602313618655,0.0169815886313675,"LINC02457","up_regulated"
"776",-2.70487496770859,-2.39011271510214,0.00882535310799864,"OR9A4","down_regulated"
"777",-3.11601357315527,3.77747783503589,0.011305871167538,"CLEC5A","down_regulated"
"778",2.39111168738253,1.21656379427068,0.0057248423445443,"RHOXF1-AS1","up_regulated"
"779",2.23199135084919,-3.81427641369324,0.0113700219833594,"LINC02274","up_regulated"
"780",2.09966177867283,-0.961479205393673,0.0354284590439559,"NBEAP1","up_regulated"
"781",-1.60057907496552,-3.77833121232672,0.0417013882008892,"SLC25A21-AS1","down_regulated"
"782",-1.65856796794719,-4.06635426713172,0.0230421390675348,"LINC02691","down_regulated"
"783",3.46801202715112,-2.90317692650932,0.00659061784641558,"LINC00928","up_regulated"
"784",-2.04569843691952,-0.867640634121926,0.0396684692036829,"IGHV1OR15-2","down_regulated"
"785",-2.56465624204935,-2.14485611383811,0.00509199460522052,"IGHV3OR15-7","down_regulated"
"786",-1.59942961003036,-4.64369473844765,0.00970807461335044,"LINC02254","down_regulated"
"787",2.13698196662251,-4.28318263982768,0.0277380402978109,"PCSK6-AS1","up_regulated"
"788",-2.01698172529716,-2.30258906669499,0.0233155441507733,"UBL5P4","down_regulated"
"789",3.25412372397625,0.191595254635338,0.0025787316611962,"NBAT1","up_regulated"
"790",1.83599815113351,-4.87607643160916,0.0165768905468701,"ACSM5P1","up_regulated"
"791",1.8260418231904,-5.21608402300928,0.0259778427825503,"LINC02129","up_regulated"
"792",-3.06396282253621,-2.70381723414546,0.000222837185509819,"DISC1FP1","down_regulated"
"793",-1.93162204409548,-1.82819490081433,0.0265601779681481,"C15orf65","down_regulated"
"794",-1.59126600165252,-4.59552432064122,0.00378621394184621,"LINC02582","down_regulated"
"795",1.89040990497113,-0.774584291633038,0.0133602932510021,"PCDHGA4","up_regulated"
"796",2.19063804756348,-4.57179434142365,0.0189270405965706,"MSMB","up_regulated"
"797",-1.79147550754217,-1.15305234403781,0.0175393912531725,"MIR3161","down_regulated"
"798",-2.25679785594299,-3.57909256472163,0.00230496308580808,"MIR3686","down_regulated"
"799",1.75214341814474,-3.52692170761596,0.0327956329229545,"AKR1C8P","up_regulated"
"800",-1.60404944281932,-4.62382088674797,0.000793223643197266,"MIR4491","down_regulated"
"801",-1.64455011246859,-2.07641062229241,0.0390159540387685,"MIR3122","down_regulated"
"802",-1.83390559842131,-4.4084082014334,0.003404950546587,"MIR4671","down_regulated"
"803",-1.78558678199442,-4.13347524242052,0.03337224531912,"LINC02675","down_regulated"
"804",-1.61966506794876,-3.73194519454662,0.0122962000717121,"RN7SL326P","down_regulated"
"805",-2.04269187096932,-3.38472723535802,0.00675313403731064,"SEPTIN4-AS1","down_regulated"
"806",1.73108061682569,-5.32611573610301,0.00938318309355057,"MIR5089","up_regulated"
"807",1.72490408793042,-4.06481372289141,0.0487479453162186,"MIR548S","up_regulated"
"808",-1.52706691932663,-3.89089208911194,0.0355186715125906,"GJA5","down_regulated"
"809",2.03057977802702,-1.70566838539985,0.0224743600880029,"MIR5195","up_regulated"
"810",-3.27269912188117,0.298798736166427,0.00131405276389102,"ZNF415P1","down_regulated"
"811",-1.99396776269435,-3.90708992333994,0.0468194485844027,"CTSLP2","down_regulated"
"812",-2.06806697729528,-0.912746687474546,0.0320665649960656,"RN7SL138P","down_regulated"
"813",1.64630260306968,-2.01702301794489,0.0296631888281626,"RNFT1-DT","up_regulated"
"814",2.34966525154661,-3.33431169433065,0.0206452560816342,"LINC01415","up_regulated"
"815",1.95299091833026,-1.76810096727652,0.0116503686589405,"UPK3BL1","up_regulated"
"816",-1.63504130065301,-4.24110431998395,0.0346101472258174,"LINC02073","down_regulated"
"817",-1.63504130065301,-4.24110431998395,0.0346101472258174,"LINC02073","down_regulated"
"818",-2.16799973080708,-0.981108914871987,0.005400110577925,"SMIM22","down_regulated"
"819",3.10815868795258,-2.25415937344109,0.010360217549006,"VN1R84P","up_regulated"
"820",-1.67472148809387,-4.58905817602093,0.00182312548128855,"CLEC4GP1","down_regulated"
"821",3.38566921503042,-1.81104384668182,0.0322974338972579,"MTDHP3","up_regulated"
"822",-1.71185569689525,1.78221712273134,0.0408449259123704,"SIGLEC22P","down_regulated"
"823",-1.70889847717293,-3.2575350715514,0.0200658741684079,"BRI3BPP1","down_regulated"
"824",2.12427611561784,-0.825332380671239,0.0412685851703663,"UNGP3","up_regulated"
"825",-2.79603906480328,-1.89846557112434,0.0227923836204146,"IGHV3OR16-9","down_regulated"
"826",1.89545609095037,-4.79712518933891,0.0189038193283645,"RPS10-NUDT3","up_regulated"
"827",1.61582223283024,1.6833938454737,0.0275437024722888,"KATNBL1P1","up_regulated"
"828",-2.7845235342679,-1.57743062196553,0.0185801010019422,"IGHV3OR16-8","down_regulated"
"829",-1.62346454825662,-0.934050357734592,0.0210847696990106,"DPRXP2","down_regulated"
"830",2.76605288187661,-1.46805085866997,0.00123405546367305,"RN7SKP299","up_regulated"
"831",3.34682561669041,3.90117716795208,0.00120845564771471,"CASC15","up_regulated"
"832",2.96108019057295,-4.19425776784464,0.0237320918404629,"TBC1D3D","up_regulated"
"833",-2.16065499817399,1.55247943123162,0.00887625317887706,"IGHV2-70","down_regulated"
"834",2.51531080172639,-4.63749281790586,0.00855510902254533,"TBC1D3","up_regulated"
"835",2.34174721992633,-0.715500974341116,0.0209941150512259,"PDCD6IPP1","up_regulated"
"836",-1.53083171916065,-4.67629436407128,0.0013985606016169,"IGHV3-54","down_regulated"
"837",-1.68635802799813,-4.51447828847319,0.000543681033516693,"RN7SL736P","down_regulated"
"838",2.65455911557051,1.26711705815471,0.0183158228575354,"CCL3L3","up_regulated"
"839",2.65455911557051,1.26711705815471,0.0183158228575354,"CCL3L1","up_regulated"
"840",2.65455911557051,1.26711705815471,0.0183158228575354,"CCL3L1","up_regulated"
"841",2.65455911557051,1.26711705815471,0.0183158228575354,"CCL3L3","up_regulated"
"842",-2.29926200165815,-3.03418765246772,0.00203488987632085,"KCNE1B","down_regulated"
"843",-2.41322732321309,-1.5552539076711,0.0291147699088012,"CCL14","down_regulated"
"844",2.44677043573542,3.83105042695476,0.0289689381833472,"DACH1","up_regulated"
"845",-2.73264178035464,-3.00508990482979,0.00672446114797295,"PADI6","down_regulated"
"846",-1.86882660396535,-2.64413931092927,0.043087221031752,"IGHV1OR21-1","down_regulated"
"847",-1.73905379011096,-4.51100758200686,0.000260938802037983,"LINC02881","down_regulated"
"848",-1.96286941345029,3.98958714990978,0.0208389685990809,"MARCKS","down_regulated"
"849",-2.02447349495899,2.78011256155313,0.0358181308513645,"IGLV2-8","down_regulated"
"850",1.55484041886519,-4.98504429097186,0.025463838129774,"MIR6803","up_regulated"
"851",-1.51582583827282,-3.97200120681103,0.0104271789708285,"MIR6810","down_regulated"
"852",-2.50387240583272,-2.38418314722513,0.00304127357657455,"IGKV1D-12","down_regulated"
"853",1.65771644451743,-2.44260542844158,0.0380772841702612,"RPL23AP61","up_regulated"
"854",-2.21601655520717,3.70465229491148,0.0347842779009055,"IGHV1-69D","down_regulated"
"855",2.30517647352382,-5.29763966325086,0.000752259196688382,"LINC02203","up_regulated"
"856",2.78429460273066,-2.87052861796766,0.00421408481669636,"JAKMIP2-AS1","up_regulated"
"857",2.76026543199228,-5.01427964145851,0.00237019815076203,"NF1P9","up_regulated"
