"""delta_promoter_methylation""","""delta_TF_activity""","""logFC_expression""","""nb_enhancer_changed""","""nb_enhancer_hyper""","""nb_enhancer_hypo""","""nb_enhancer_unchanged""","""nes""","""NR_Promoter_Methylation""","""NR_TF_activity""","""P.Value_expression""","""P.Value_promoter_methylation""","""R_Promoter_Methylation""","""R_TF_activity""","""Size""","""TF_logFC""","""TF_Pval""","""TF_Pval_fdr""","""total_enhancers""","__mclCluster","name","PR","selected","shared name"
"0.0179861514347004","0.0","-7.62874657737274","0","0","0","4","0.0","0.274083199771918","0.0","0.0441291355512246","0.0036634190754208","0.256097048337217","0.0","0","0.0","1.0","1.0","4","1","""PCNA""","1.0","false","""PCNA"""
"0.024437233782121","0.0","9.89257853200876","2","2","0","29","0.0","0.314265764365747","0.0","0.0694796425781367","0.0096519512436148","0.289828530583626","0.0","0","0.0","1.0","1.0","31",,"""DIAPH1""",,"false","""DIAPH1"""
"0.0151733411802337","0.0","7.05070686815642","1","1","0","22","0.0","0.384339629103009","0.0","0.0941481116263055","0.107857887737532","0.369166287922775","0.0","0","0.0","1.0","1.0","23",,"""C16orf62""",,"false","""C16orf62"""
"0.0156180133065132","0.0","5.31967581348068","0","0","0","16","0.0","0.116984114770122","0.0","0.0124675393689607","0.00637839080311631","0.101366101463609","0.0","0","0.0","1.0","1.0","16",,"""STARD4""",,"false","""STARD4"""
"0.0373276713873842","0.0","8.52110550470668","0","0","0","0","0.0","0.184664077767547","0.0","0.00726851623846434","0.00470913292143448","0.147336406380163","0.0","0","0.0","1.0","1.0","0","2","""PFKP""","0.3783111547747776","false","""PFKP"""
"0.0205626772580026","0.0","9.27647667676283","0","0","0","5","0.0","0.412215472529192","0.0","0.0673463855785966","0.063265045965576","0.391652795271189","0.0","0","0.0","1.0","1.0","5",,"""HERC2""",,"false","""HERC2"""
"0.0570173407417672","-0.519776699965224","2.14407509905209","0","0","0","12","1.93311435625507","0.173236326900859","-0.132953031018878","0.326292901185389","8.70740438737362E-4","0.116218986159092","0.386823668946346","13","0.0","0.0532221119301643","0.691887455092135","12","2","""PAX6""","0.3783111547747776","false","""PAX6"""
"0.0162813055429775","0.0","8.72739385543746","0","0","0","3","0.0","0.293947604923012","0.0","0.040693424495755","0.0161801492834274","0.277666299380034","0.0","0","0.0","1.0","1.0","3","1","""SMARCA4""","1.0","false","""SMARCA4"""
"0.00364767648821323","0.0","-6.61439723211676","0","0","0","6","0.0","0.0256453497969993","0.0","0.0426328517549185","0.0108678439335813","0.0219976733087861","0.0","0","0.0","1.0","1.0","6","1","""MEMO1""","1.0","false","""MEMO1"""
"0.00380719730087553","0.0","2.87200276767216","0","0","0","4","0.0","0.8992721988954","0.0","0.0788609334625852","0.686444804121204","0.895465001594525","0.0","0","0.0","1.0","1.0","4","1","""SERPINC1""","1.0","false","""SERPINC1"""
"0.01022639992366","0.0","6.78850335183006","1","1","0","2","0.0","0.689901889259445","0.0","0.0948384168761002","0.612393442841464","0.679675489335785","0.0","0","0.0","1.0","1.0","3",,"""IL2RA""",,"false","""IL2RA"""
"-0.00511233077401077","0.0","-7.23036363203895","2","2","0","6","0.0","0.124880969224795","0.0","0.0212272094798931","0.206596359317277","0.129993299998806","0.0","0","0.0","1.0","1.0","8","1","""CCNA2""","1.0","false","""CCNA2"""
"0.0282641663557881","0.0","3.67492593040773","1","0","1","3","0.0","0.705436783968318","0.0","0.0358631716581863","0.228780176040982","0.677172617612529","0.0","0","0.0","1.0","1.0","4",,"""MLANA""",,"false","""MLANA"""
"0.11377413328359","-0.309163681500566","1.80323328230077","1","1","0","9","1.26707341128085","0.243176230921207","-0.0210021819650355","0.0689024398151846","4.83948706819137E-4","0.129402097637617","0.288161499535531","16","0.0","0.205129041747984","0.731449856324529","10","2","""CDX2""","0.3783111547747776","false","""CDX2"""
"0.0","0.0","-10.4557828343994","0","0","0","0","0.0","0.0","0.0","0.00585931578263995","1.0","0.0","0.0","0","0.0","1.0","1.0","0",,"""PPIA""",,"false","""PPIA"""
"0.0694075872009053","0.0","-7.6299667051375","1","0","1","5","0.0","0.259513244377047","0.0","0.0199062902384957","0.0487665065002937","0.190105657176142","0.0","0","0.0","1.0","1.0","6",,"""PRC1""",,"false","""PRC1"""
"0.0645660634090326","0.0","-8.06119897495824","0","0","0","15","0.0","0.168126826301404","0.0","0.0640446581810277","0.039830620275983","0.103560762892371","0.0","0","0.0","1.0","1.0","15","1","""MYBL2""","1.0","false","""MYBL2"""
"-0.018201996500583","0.0","-4.00685375329497","0","0","0","2","0.0","0.764248558233368","0.0","0.0113668489209849","0.518437660975178","0.782450554733951","0.0","0","0.0","1.0","1.0","2","2","""GUCY2C""","0.3783111547747776","false","""GUCY2C"""
"0.0220033324895924","-1.41022309785125","7.87348025339333","1","1","0","15","0.820167915808303","0.178104777299387","-0.699815788118552","0.0852104469535894","0.0101144417056629","0.156101444809795","0.710407309732694","13","0.0","0.412120389540891","0.789375636838532","16","4","""MYCN""","0.0","false","""MYCN"""
"0.0233672753504814","-2.36187861760017","-7.25350986109366","2","2","0","7","-2.14573395209927","0.371002640296945","-1.43904379824524","0.407809741195839","0.0464657774696869","0.347635364946464","0.922834819354925","223","0.0","0.031894210759634","0.691887455092135","9","1","""E2F4""","1.0","false","""E2F4"""
"0.0315985155475331","-0.0035204071780515","9.32156099293838","0","0","0","6","0.447849510716647","0.360027161675249","0.027414739990118","0.0377376630447738","0.0204201881220599","0.328428646127716","0.0309351471681695","16","9.32156099293838","0.654261808642674","0.890100367572009","6","1","""SREBF2""","1.0","false","""SREBF2"""
"0.0564486837916903","1.1882911828235","7.71716147560707","0","0","0","8","1.72881515910627","0.273329216177922","0.439994704037514","0.537520488468564","0.03743632350872","0.216880532386232","-0.748296478785982","12","0.0","0.0838421821750989","0.700838382596866","8","2","""KLF4""","0.3783111547747776","false","""KLF4"""
"0.0170015155244493","0.0","-7.08243399335521","0","0","0","4","0.0","0.718823919470587","0.0","0.0217519672071556","0.232049200621255","0.701822403946138","0.0","0","0.0","1.0","1.0","4","1","""STAR""","1.0","false","""STAR"""
"0.0184295189262736","0.0","-7.90274056923869","1","1","0","6","0.0","0.230297655836709","0.0","0.0358743130449946","0.0888291908494203","0.211868136910436","0.0","0","0.0","1.0","1.0","7",,"""MYH10""",,"false","""MYH10"""
"0.00627114207712595","0.0","5.32260635304883","0","0","0","1","0.0","0.175118121178998","0.0","0.0752100070880779","0.513277444547648","0.168846979101872","0.0","0","0.0","1.0","1.0","1",,"""ACTR5""",,"false","""ACTR5"""
"0.00146398643690632","0.0","-5.72190098744899","2","1","1","4","0.0","0.170014232125076","0.0","0.0740602130740463","0.664817097164982","0.16855024568817","0.0","0","0.0","1.0","1.0","6","1","""NDUFAB1""","1.0","false","""NDUFAB1"""
"0.00812774027082336","0.0","-6.82666756876314","0","0","0","0","0.0","0.115282435542916","0.0","0.0226977775021957","0.135069464640513","0.107154695272093","0.0","0","0.0","1.0","1.0","0","1","""CDK1""","1.0","false","""CDK1"""
"0.00664397073896072","0.0","-7.59546070675846","1","1","0","0","0.0","0.239770363600223","0.0","0.0128663737254597","0.111804475243194","0.233126392861262","0.0","0","0.0","1.0","1.0","1",,"""ANLN""",,"false","""ANLN"""
"0.00336179280503429","0.0","9.44780230529568","2","2","0","12","0.0","0.317494460938709","0.0","0.00215249737729847","0.822116334517232","0.314132668133675","0.0","0","0.0","1.0","1.0","14",,"""PRKCB""",,"false","""PRKCB"""
"0.0135703245545145","0.0","-6.18170805879347","1","1","0","4","0.0","0.234250965555373","0.0","0.0719727394353691","0.250539767552622","0.220680641000859","0.0","0","0.0","1.0","1.0","5","1","""TK1""","1.0","false","""TK1"""
"0.0084398508711645","-0.339761849931867","7.40524987557698","0","0","0","15","-1.194049451969","0.174098310755125","-0.191326428283648","0.0683037988773228","0.00236669174261577","0.165658459883961","0.148435421648218","20","0.0","0.232458624426481","0.735071866429684","15","1","""REL""","1.0","false","""REL"""
"0.0184767897758862","0.0","-6.09390764553549","0","0","0","3","0.0","0.266790036070366","0.0","0.0116675270271856","0.174916563092318","0.24831324629448","0.0","0","0.0","1.0","1.0","3","1","""AURKB""","1.0","false","""AURKB"""
"0.0165825082147356","0.0","-7.37901011441774","1","0","1","15","0.0","0.303613697871638","0.0","0.0250246977716195","0.420592798116107","0.287031189656903","0.0","0","0.0","1.0","1.0","16",,"""NTNG2""",,"false","""NTNG2"""
"0.0321359507683035","-0.719740737135179","7.10237882937007","0","0","0","12","-2.03750712503595","0.266512974832654","-0.136741868799577","0.680455148893206","0.0160925868507263","0.23437702406435","0.582998868335603","140","0.0","0.0415992486664503","0.691887455092135","12","1","""CEBPA""","1.0","false","""CEBPA"""
"0.0552196263715519","0.0","-0.43629605168124","2","0","2","26","0.0","0.268259109559821","0.0","0.0451966113771604","0.0116655145137712","0.213039483188269","0.0","0","0.0","1.0","1.0","28","1","""OSR1""","1.0","false","""OSR1"""
"0.0439558085201681","0.0","-1.41548236779971","0","0","0","0","0.0","0.620584478268227","0.0","0.0736670379402192","0.226456079466658","0.576628669748059","0.0","0","0.0","1.0","1.0","0","1","""CSF2""","1.0","false","""CSF2"""
"0.00188783077242485","0.0","-5.93365166830365","5","3","2","14","0.0","0.115740388194495","0.0","0.02473374955344","0.323475937942466","0.11385255742207","0.0","0","0.0","1.0","1.0","19",,"""RPA3""",,"false","""RPA3"""
"0.0570618392504112","0.0","-10.6784965506962","2","2","0","31","0.0","0.274866791418129","0.0","0.0254729968360054","0.00898031576153095","0.217804952167718","0.0","0","0.0","1.0","1.0","33",,"""RPL23A""",,"false","""RPL23A"""
"0.0173831019833615","0.0","7.53091766032664","0","0","0","2","0.0","0.375864990597452","0.0","0.0242920993953182","0.10900389523343","0.35848188861409","0.0","0","0.0","1.0","1.0","2",,"""ACE""",,"false","""ACE"""
"-0.0192271313534089","0.0","-1.33486786134081","0","0","0","0","0.0","0.883570201094427","0.0","0.0803390894166687","0.0873279378043192","0.902797332447836","0.0","0","0.0","1.0","1.0","0","1","""CSRNP3""","1.0","false","""CSRNP3"""
"0.03922192494671","0.0","-5.08987377951488","1","0","1","7","0.0","0.185172740328052","0.0","0.0242439868160741","7.28535842260691E-7","0.145950815381341","0.0","0","0.0","1.0","1.0","8","1","""CDC25C""","1.0","false","""CDC25C"""
"0.0","0.0","2.58065838892531","0","0","0","0","0.0","0.0","0.0","0.00962999181059289","1.0","0.0","0.0","0","0.0","1.0","1.0","0","1","""ALB""","1.0","false","""ALB"""
"-0.0120761974559819","0.0","-8.87876767084099","0","0","0","3","0.0","0.639787212676944","0.0","0.0235462389812408","0.461369236564033","0.651863410132926","0.0","0","0.0","1.0","1.0","3","5","""ALOX5AP""","0.9906109722889219","false","""ALOX5AP"""
"0.010017165675463","0.0","-7.13056970703179","1","1","0","1","0.0","0.0544217912578664","0.0","0.037572184038439","0.293390440498798","0.0444046255824034","0.0","0","0.0","1.0","1.0","2","1","""PLK1""","1.0","false","""PLK1"""
"0.00562377643461043","0.0","-6.00247923762682","0","0","0","22","0.0","0.539337709992971","0.0","0.0781016614879859","0.677682150094065","0.53371393355836","0.0","0","0.0","1.0","1.0","22","1","""DAPK2""","1.0","false","""DAPK2"""
"-0.00103153531291114","0.0","-6.41219376939677","0","0","0","3","0.0","0.17726185423322","0.0","0.0759176491206582","0.54900852810008","0.178293389546131","0.0","0","0.0","1.0","1.0","3","1","""PLK4""","1.0","false","""PLK4"""
"0.0163308713071918","0.0","-7.38859512590059","2","0","2","4","0.0","0.100922742117006","0.0","0.0896144698902607","0.0437612208877019","0.0845918708098142","0.0","0","0.0","1.0","1.0","6","1","""CENPE""","1.0","false","""CENPE"""
"0.0","0.0","-2.30687606907126","0","0","0","0","0.0","0.0","0.0","0.0771919049134328","1.0","0.0","0.0","0","0.0","1.0","1.0","0",,"""DCC""",,"false","""DCC"""
"0.0187536071229594","0.0","-6.9895206772449","3","2","1","35","0.0","0.339943850570598","0.0","0.0742902266169421","0.116579148278482","0.321190243447639","0.0","0","0.0","1.0","1.0","38",,"""CCNB1""",,"false","""CCNB1"""
"0.0529859291692184","0.0","-6.19465903315076","1","1","0","5","0.0","0.400850583320092","0.0","0.0147986636051701","0.0047908000197901","0.347864654150874","0.0","0","0.0","1.0","1.0","6","1","""POLE2""","1.0","false","""POLE2"""
"0.0022902974289051","0.0","-6.68424988464426","2","2","0","16","0.0","0.0273448764016386","0.0","0.00837113531048135","0.114206882214025","0.0250545789727335","0.0","0","0.0","1.0","1.0","18",,"""CKS2""",,"false","""CKS2"""
"0.00599480089517013","0.0","-6.5688535830886","0","0","0","0","0.0","0.262269842955128","0.0","0.0111301102867082","0.486322314445148","0.256275042059958","0.0","0","0.0","1.0","1.0","0","1","""DHFR""","1.0","false","""DHFR"""
"0.00917770122380251","0.0","6.71738834017329","1","1","0","10","0.0","0.339346521466408","0.0","0.0801506543073683","0.275002131103416","0.330168820242606","0.0","0","0.0","1.0","1.0","11",,"""POLR3A""",,"false","""POLR3A"""
"0.0640439776482954","0.0","-2.94294046613796","0","0","0","1","0.0","0.723438536427748","0.0","0.0762943245952222","0.047020248407677","0.659394558779453","0.0","0","0.0","1.0","1.0","1",,"""DIRAS3""",,"false","""DIRAS3"""
"-0.0115555017281594","0.0","6.62675494323541","3","3","0","36","0.0","0.0729230824924123","0.0","0.0548483409229047","0.0548596982619591","0.0844785842205717","0.0","0","0.0","1.0","1.0","39",,"""BCL2""",,"false","""BCL2"""
"0.0892838258600433","0.0","-2.35391413777988","0","0","0","0","0.0","0.326939878840991","0.0","0.0444746040885747","0.00219712306232135","0.237656052980948","0.0","0","0.0","1.0","1.0","0",,"""CRMP1""",,"false","""CRMP1"""
"0.203246227471421","0.0","-7.43242362473731","0","0","0","3","0.0","0.5463115929642","0.0","0.0189263845578837","0.00125115543816385","0.343065365492778","0.0","0","0.0","1.0","1.0","3","1","""RACGAP1""","1.0","false","""RACGAP1"""
"0.0317983076491942","0.0","-10.2523966903677","0","0","0","2","0.0","0.589702585226187","0.0","0.0256777783812895","0.0489863809344057","0.557904277576993","0.0","0","0.0","1.0","1.0","2",,"""CSF3R""",,"false","""CSF3R"""
"0.00512424517660512","0.0","-6.5316606940541","2","2","0","5","0.0","0.17353807878504","0.0","0.0635229639512179","0.126916161407978","0.168413833608435","0.0","0","0.0","1.0","1.0","7","1","""RAD51""","1.0","false","""RAD51"""
"0.0398049663298804","0.0","-6.01297624748627","0","0","0","18","0.0","0.471217229322854","0.0","0.06802917544131","0.00339413437938529","0.431412262992974","0.0","0","0.0","1.0","1.0","18",,"""CSRP1""",,"false","""CSRP1"""
"0.0284130334303142","-0.383711797564188","-3.90268852993392","5","5","0","25","-1.98048566066951","0.510636625827734","-0.13437856858685","0.878595144323867","0.140720344521163","0.48222359239742","0.249333228977338","14","0.0","0.0476489830305117","0.691887455092135","30","5","""CEBPD""","0.9906109722889219","false","""CEBPD"""
"0.06629999246063","0.0","-4.56530190064966","1","0","1","25","0.0","0.232413788826833","0.0","0.0672042923704518","0.00417372148196973","0.166113796366203","0.0","0","0.0","1.0","1.0","26",,"""FLT1""",,"false","""FLT1"""
"0.0087306694726501","0.0","-6.99645663063311","0","0","0","1","0.0","0.0927553616953908","0.0","0.0041917420490137","0.0831206242427686","0.0840246922227407","0.0","0","0.0","1.0","1.0","1","1","""E2F8""","1.0","false","""E2F8"""
"0.00135785141392958","0.0","6.13992564596993","1","1","0","6","0.0","0.221317464928228","0.0","0.0204131837852","0.690320741250845","0.219959613514298","0.0","0","0.0","1.0","1.0","7",,"""ERCC8""",,"false","""ERCC8"""
"0.0119415987719917","0.0","6.39039662271332","1","1","0","9","0.0","0.212408320011219","0.0","0.0670519939818315","0.0051098108144487","0.200466721239228","0.0","0","0.0","1.0","1.0","10",,"""TSNAX""",,"false","""TSNAX"""
"-0.00208277249367222","-0.240097356150268","6.26352145602769","2","2","0","40","1.05948291394673","0.0419890205304766","-0.281476895196283","0.0789199003862785","0.268664264906696","0.0440717930241489","-0.0413795390460144","13","0.0","0.289379906547678","0.761336374847278","42","4","""E2F3""","0.0","false","""E2F3"""
"0.00517063507960376","0.0","-6.52608875189892","6","5","1","33","0.0","0.102969260733091","0.0","0.014945897064478","0.0871782012990421","0.0977986256534873","0.0","0","0.0","1.0","1.0","39","1","""TTK""","1.0","false","""TTK"""
"0.142818278339257","0.0","-6.94492137814967","3","3","0","13","0.0","0.401039675930929","0.0","0.00354976190047545","0.00159113280441437","0.258221397591672","0.0","0","0.0","1.0","1.0","16","1","""UBE2C""","1.0","false","""UBE2C"""
"-0.00164895176526325","0.0","-7.66710182708774","0","0","0","0","0.0","0.441202928293358","0.0","0.0537691633763273","0.748380603541297","0.442851880058621","0.0","0","0.0","1.0","1.0","0","1","""FANCA""","1.0","false","""FANCA"""
"0.0373145671560901","0.0","-2.9565906657336","5","0","5","33","0.0","0.175095250086664","0.0","0.0716301725402792","0.0114532446454981","0.137780682930574","0.0","0","0.0","1.0","1.0","38","1","""TGFB2""","1.0","false","""TGFB2"""
"0.0310129598636261","0.0","-7.92564628802855","2","2","0","6","0.0","0.412912571863952","0.0","0.0959039774124587","0.0722124470996354","0.381899612000326","0.0","0","0.0","1.0","1.0","8","1","""FANCD2""","1.0","false","""FANCD2"""
"0.0575383676019444","0.0","-10.2966807755538","0","0","0","1","0.0","0.482383187685265","0.0","0.0343826885014009","0.0282357146289442","0.42484482008332","0.0","0","0.0","1.0","1.0","1","1","""ELANE""","1.0","false","""ELANE"""
"0.0271445365089563","0.0","-3.40876413333502","0","0","0","14","0.0","0.13358848408135","0.0","0.0794354961031392","0.0618821920315263","0.106443947572393","0.0","0","0.0","1.0","1.0","14",,"""FBXO43""",,"false","""FBXO43"""
"0.00990693545459367","0.0","-7.80205899638681","3","3","0","27","0.0","0.138483840163541","0.0","0.0433362452327752","0.455894587025092","0.128576904708947","0.0","0","0.0","1.0","1.0","30","1","""RRM2""","1.0","false","""RRM2"""
"0.0060339566524653","0.0","-5.98989929989749","0","0","0","1","0.0","0.070517598055677","0.0","0.0507982786109866","0.486040164933925","0.0644836414032117","0.0","0","0.0","1.0","1.0","1",,"""FBXO5""",,"false","""FBXO5"""
"-0.00575893237933151","0.0","-8.93491035725248","3","2","1","16","0.0","0.168352205208373","0.0","0.0122902881731236","0.229601871115473","0.174111137587705","0.0","0","0.0","1.0","1.0","19",,"""TOP2A""",,"false","""TOP2A"""
"0.0573204078189883","0.33886009278897","0.0","0","0","0","3","-2.41337865457693","0.173558597094566","0.0903675817810886","0.638168421500865","0.0165592480209537","0.116238189275578","-0.248492511007882","14","0.0","0.015805389853816","0.616410204298824","3",,"""TFAP2C""",,"false","""TFAP2C"""
"-0.0195242128922113","0.0","-8.49801343537498","1","1","0","2","0.0","0.73961634406838","0.0","0.0264995960359073","0.474476863253906","0.759140556960591","0.0","0","0.0","1.0","1.0","3","1","""EPX""","1.0","false","""EPX"""
"0.00245814269184264","-0.832302292115977","-6.99622534692069","1","1","0","3","-2.03338527002591","0.179468520562099","-0.478988494141741","0.0515270145362587","0.743911256588703","0.177010377870257","0.353313797974236","33","0.0","0.0420136143373292","0.691887455092135","4","1","""FOXM1""","1.0","false","""FOXM1"""
"0.0278725204806868","0.0","-7.09769042454955","0","0","0","8","0.0","0.173002149324446","0.0","0.0446941704900391","0.0452454987843357","0.145129628843759","0.0","0","0.0","1.0","1.0","8",,"""H2AFZ""",,"false","""H2AFZ"""
"0.00536449792336669","0.0","6.93971964908519","0","0","0","3","0.0","0.0671757434004434","0.0","0.0952561896705068","0.714799322040396","0.0618112454770767","0.0","0","0.0","1.0","1.0","3","1","""SERPINE1""","1.0","false","""SERPINE1"""
"-0.00511908915329079","0.0","-9.43818851595047","1","1","0","20","0.0","0.0360976345243737","0.0","0.0509849446398922","0.093782111649967","0.0412167236776645","0.0","0","0.0","1.0","1.0","21","1","""HIST1H3B""","1.0","false","""HIST1H3B"""
"0.0217068947787815","0.0","-7.57693576436433","0","0","0","2","0.0","0.578569538886866","0.0","0.0402273219792721","0.111976797615087","0.556862644108085","0.0","0","0.0","1.0","1.0","2",,"""GRIK5""",,"false","""GRIK5"""
"0.0189514143097486","0.264352339631461","2.89804818697534","0","0","0","2","-0.0765381997494139","0.80298276432881","0.105702885622596","0.0461222245933274","0.261221576072816","0.784031350019061","-0.158649454008865","14","2.89804818697534","0.938990924085923","0.966269515807007","2","3","""SOX10""","0.4310475201344813","false","""SOX10"""
"0.0086166872945263","0.0","-7.21177241102037","1","1","0","2","0.0","0.353784413091709","0.0","0.0627188022415693","0.359014010614631","0.345167725797183","0.0","0","0.0","1.0","1.0","3",,"""GPX4""",,"false","""GPX4"""
"0.0232332028088415","0.0","-9.26433763777651","3","1","2","17","0.0","0.30640369653287","0.0","0.00600643014257466","0.133896377407908","0.283170493724028","0.0","0","0.0","1.0","1.0","20",,"""MMP2""",,"false","""MMP2"""
"0.00209910298306829","0.0","-6.38456367646334","2","1","1","23","0.0","0.0238759267951797","0.0","0.0462846203891927","0.0812887033002261","0.0217768238121114","0.0","0","0.0","1.0","1.0","25","1","""HMMR""","1.0","false","""HMMR"""
"0.0498589152372929","0.0","-9.99216055375648","3","3","0","52","0.0","0.309208527386163","0.0","0.00473024069661241","0.0266936626373142","0.25934961214887","0.0","0","0.0","1.0","1.0","55","1","""HIST1H2AM""","1.0","false","""HIST1H2AM"""
"-8.48565886670261E-5","0.0","6.29150356430528","0","0","0","19","0.0","0.264108627122921","0.0","0.0288771220226609","0.990555207647632","0.264193483711588","0.0","0","0.0","1.0","1.0","19","1","""INSIG1""","1.0","false","""INSIG1"""
"0.0189581374632462","0.0","-9.43160482677643","1","1","0","14","0.0","0.104403653370737","0.0","0.0197035358681511","0.181630093487262","0.0854455159074912","0.0","0","0.0","1.0","1.0","15","1","""HIST1H2BJ""","1.0","false","""HIST1H2BJ"""
"0.0813134965669757","0.0","-1.44484520552963","0","0","0","1","0.0","0.281902682652116","0.0","0.0780129001344941","0.00151108511650818","0.20058918608514","0.0","0","0.0","1.0","1.0","1",,"""SSTR1""",,"false","""SSTR1"""
"0.00346061131729779","0.0","-10.3460038752601","0","0","0","24","0.0","0.0827520508208903","0.0","0.041133832866297","0.0287822281806952","0.0792914395035925","0.0","0","0.0","1.0","1.0","24",,"""HIST2H2BE""",,"false","""HIST2H2BE"""
"0.00296290388019969","0.0","-8.15434607611069","3","3","0","55","0.0","0.049330922147521","0.0","0.00327292058830329","0.160698395160377","0.0463680182673213","0.0","0","0.0","1.0","1.0","58","1","""HIST1H4H""","1.0","false","""HIST1H4H"""
"0.0421881647946798","0.0","-9.3623779425944","1","1","0","1","0.0","0.272892165971294","0.0","0.00199162985120472","0.0191342196553619","0.230704001176614","0.0","0","0.0","1.0","1.0","2","1","""HMGA1""","1.0","false","""HMGA1"""
"-0.0142684063366619","0.0","-3.40959167205357","2","2","0","24","0.0","0.789507439794369","0.0","0.0379247491157031","0.489013834127209","0.803775846131031","0.0","0","0.0","1.0","1.0","26","1","""NPC1L1""","1.0","false","""NPC1L1"""
"0.0860536698837165","0.0","-2.39871080224579","0","0","0","0","0.0","0.332187610671097","0.0","0.0803301399881574","0.00619926868113017","0.246133940787381","0.0","0","0.0","1.0","1.0","0",,"""PCSK9""",,"false","""PCSK9"""
"0.0229291483726409","0.0","-7.06695538732302","1","0","1","25","0.0","0.142311314926699","0.0","0.0885274950043067","0.0249141226167447","0.119382166554058","0.0","0","0.0","1.0","1.0","26",,"""IER3""",,"false","""IER3"""
"0.0129442933805159","0.245909492981872","-4.82639309152666","8","5","3","18","-2.94269217380508","0.175438341071503","-0.0201329620702125","0.553624556832584","0.0453819789101492","0.162494047690987","-0.266042455052084","34","0.0","0.00325371770626734","0.380684971633278","26","3","""MITF""","0.4310475201344813","false","""MITF"""
"0.00480337326766063","0.0","-5.44436744931132","2","1","1","13","0.0","0.118750768974758","0.0","0.0595640951939102","0.0971625775916434","0.113947395707098","0.0","0","0.0","1.0","1.0","15",,"""MAD2L1""",,"false","""MAD2L1"""
"-0.0539227129204695","0.0","7.50630339022117","2","2","0","13","0.0","0.782769186542487","0.0","0.0102047225132121","0.0841556991521189","0.836691899462957","0.0","0","0.0","1.0","1.0","15",,"""GPA33""",,"false","""GPA33"""
"0.00381989043325398","-1.54016366884874","-4.50094231251128","0","0","0","0","-1.76883413533574","0.334701439907449","-0.975403582167787","0.655649110249656","0.767844850931569","0.330881549474195","0.564760086680953","307","0.0","0.0769215583757543","0.700838382596866","0","1","""E2F1""","1.0","false","""E2F1"""
"0.0160130222241715","0.0","7.44702965186078","3","2","1","31","0.0","0.0820872243283777","0.0","0.0183037585096197","0.0507624611807318","0.0660742021042062","0.0","0","0.0","1.0","1.0","34","1","""CCND2""","1.0","false","""CCND2"""
"0.0","0.0","-1.75780852380312","0","0","0","0","0.0","0.0","0.0","0.0263899404600676","1.0","0.0","0.0","0","0.0","1.0","1.0","0","2","""NANOG""","0.3783111547747776","false","""NANOG"""
"0.0432201702010784","0.0","-1.37333561571692","0","0","0","0","0.0","0.394916086263374","0.0","0.0706719516987542","0.139259428750157","0.351695916062296","0.0","0","0.0","1.0","1.0","0","1","""JPH2""","1.0","false","""JPH2"""
"0.0","0.0","7.2429288288303","0","0","0","0","0.0","0.0","0.0","0.0716144024232033","1.0","0.0","0.0","0","0.0","1.0","1.0","0","1","""HMGCR""","1.0","false","""HMGCR"""
"0.00928028804342479","0.0","-4.89739391673897","0","0","0","3","0.0","0.447116866207163","0.0","0.0323530968949744","0.548338332753634","0.437836578163738","0.0","0","0.0","1.0","1.0","3","1","""CENPA""","1.0","false","""CENPA"""
"-4.78523291124522E-4","0.0","6.76942267369049","0","0","0","6","0.0","0.349106366329194","0.0","0.0711236488942381","0.903757380001939","0.349584889620319","0.0","0","0.0","1.0","1.0","6",,"""METTL3""",,"false","""METTL3"""
"0.0172517234991128","0.0","-7.09083635636534","0","0","0","2","0.0","0.216325618712507","0.0","0.059451488100238","0.0592265181323111","0.199073895213394","0.0","0","0.0","1.0","1.0","2","1","""KIF23""","1.0","false","""KIF23"""
"0.00686441800195695","0.0","-10.6116526136222","1","1","0","5","0.0","0.231210411817277","0.0","0.0291390191503129","0.343568252751446","0.22434599381532","0.0","0","0.0","1.0","1.0","6","1","""MKI67""","1.0","false","""MKI67"""
"0.0352626998084563","0.0","-6.48549899766695","0","0","0","0","0.0","0.347752101291657","0.0","0.00136413441563221","0.00169615537116401","0.312489401483201","0.0","0","0.0","1.0","1.0","0","1","""CKS1B""","1.0","false","""CKS1B"""
"-0.00128014125843312","0.0","-5.68025962866454","0","0","0","1","0.0","0.586854095215976","0.0","0.0686174574873831","0.844057278068978","0.588134236474409","0.0","0","0.0","1.0","1.0","1","1","""KIF24""","1.0","false","""KIF24"""
"0.00227460468994246","0.0","-7.16258223537483","0","0","0","0","0.0","0.101132612445441","0.0","0.0195665160656256","0.64685054624995","0.0988580077554987","0.0","0","0.0","1.0","1.0","0","1","""KIF2C""","1.0","false","""KIF2C"""
"0.004580372879609","0.0","9.13022713793984","3","3","0","26","0.0","0.16185626639145","0.0","0.0412966394594434","0.246170036868854","0.157275893511841","0.0","0","0.0","1.0","1.0","29","3","""ITPR1""","0.4310475201344813","false","""ITPR1"""
"-0.0363512434417127","0.0","4.93491932371609","0","0","0","8","0.0","0.562033285166636","0.0","0.0630616837484751","0.577108755898913","0.598384528608349","0.0","0","0.0","1.0","1.0","8",,"""LIPC""",,"false","""LIPC"""
"0.00154979051736742","0.0","-5.33019497385559","1","1","0","6","0.0","0.141324587285949","0.0","0.0224857605990228","0.643116292959132","0.139774796768582","0.0","0","0.0","1.0","1.0","7","1","""ASF1B""","1.0","false","""ASF1B"""
"0.0100010127847011","0.0","-12.2123977127543","0","0","0","6","0.0","0.584633768201653","0.0","0.00643769940420225","0.374392798096909","0.574632755416951","0.0","0","0.0","1.0","1.0","6",,"""LTF""",,"false","""LTF"""
"0.00720545027511194","0.0","5.48935830290424","1","0","1","9","0.0","0.129779524358205","0.0","0.0241404057552521","0.022154655400399","0.122574074083093","0.0","0","0.0","1.0","1.0","10",,"""ATG10""",,"false","""ATG10"""
"0.0051095257912977","0.0","7.18369611535279","5","3","2","41","0.0","0.20045337314131","0.0","0.0310848498461204","0.251639614031457","0.195343847350012","0.0","0","0.0","1.0","1.0","46","1","""UBP1""","1.0","false","""UBP1"""
"0.00539997276486253","0.0","8.31863010461904","4","4","0","21","0.0","0.0345429246217922","0.0","0.0278286830914371","0.00864047601790187","0.0291429518569297","0.0","0","0.0","1.0","1.0","25","1","""MAT2A""","1.0","false","""MAT2A"""
"0.00474865505019881","0.0","-6.16446257379336","0","0","0","8","0.0","0.0618737082378335","0.0","0.038914810189108","0.279999885453759","0.0571250531876347","0.0","0","0.0","1.0","1.0","8","1","""NDC80""","1.0","false","""NDC80"""
"0.0","0.0","4.82048469205765","0","0","0","0","0.0","0.0","0.0","0.0939998079936294","1.0","0.0","0.0","0","0.0","1.0","1.0","0","1","""PECAM1""","1.0","false","""PECAM1"""
"0.0080792107516377","0.0","-7.46823703202309","4","4","0","34","0.0","0.184302085962361","0.0","0.00698598301846009","0.43908479211244","0.176222875210723","0.0","0","0.0","1.0","1.0","38","1","""AURKA""","1.0","false","""AURKA"""
"0.030537074867307","0.0","-6.05256984862146","0","0","0","11","0.0","0.26201416113433","0.0","0.0392247106380814","0.0106468735488535","0.231477086267023","0.0","0","0.0","1.0","1.0","11","1","""NEK2""","1.0","false","""NEK2"""
"0.0040643410301197","0.0","10.3439816933228","0","0","0","1","0.0","0.0691810055905346","0.0","0.0162429740516653","0.718150779367048","0.0651166645604149","0.0","0","0.0","1.0","1.0","1","1","""UTRN""","1.0","false","""UTRN"""
"0.0115113767208267","0.0","3.64671293434068","1","1","0","18","0.0","0.38973440811008","0.0","0.0817897717588081","0.132380684644756","0.378223031389253","0.0","0","0.0","1.0","1.0","19","1","""WDR25""","1.0","false","""WDR25"""
"8.06504273449454E-4","0.0","-7.77262607949254","0","0","0","1","0.0","0.0227907284615939","0.0","0.0315845294374741","0.449125018830324","0.0219842241881444","0.0","0","0.0","1.0","1.0","1","1","""NUSAP1""","1.0","false","""NUSAP1"""
"-0.00632607252136003","0.0","6.21031781729035","1","1","0","28","0.0","0.28912543588386","0.0","0.0694732176976667","0.195245912659755","0.29545150840522","0.0","0","0.0","1.0","1.0","29",,"""WWOX""",,"false","""WWOX"""
"0.0","0.0","-7.15517123470755","0","0","0","0","0.0","0.0","0.0","0.0288267976982046","1.0","0.0","0.0","0","0.0","1.0","1.0","0","1","""UXT""","1.0","false","""UXT"""
"0.0145226320090102","0.0","-7.33696519122023","2","1","1","17","0.0","0.672572761015619","0.0","0.0897237710131271","0.474926331664035","0.658050129006609","0.0","0","0.0","1.0","1.0","19",,"""BEST1""",,"false","""BEST1"""
"0.00398273839132834","0.0","-6.61274041269776","0","0","0","0","0.0","0.440977898304482","0.0","0.0694858127211607","0.738558140125323","0.436995159913154","0.0","0","0.0","1.0","1.0","0","1","""ACOT7""","1.0","false","""ACOT7"""
"0.0557504400088699","0.804731594565873","-2.78638846076082","0","0","0","1","-0.259061478387055","0.683208906109371","0.388322834936767","0.0683043289989361","0.00352299420311332","0.627458466100502","-0.416408759629106","13","0.0","0.795587806179711","0.942577207909883","1","1","""NR5A1""","1.0","false","""NR5A1"""
"0.0102503432769874","0.0","-4.98234256493834","1","1","0","3","0.0","0.175733497810029","0.0","0.0439743149349066","0.209620605182636","0.165483154533042","0.0","0","0.0","1.0","1.0","4","1","""P4HA2""","1.0","false","""P4HA2"""
